Country,Year,IMR
Afghanistan,2013,70.2
Afghanistan,2012,72
Afghanistan,2011,73.6
Afghanistan,2010,75.3
Afghanistan,2009,76.9
Afghanistan,2008,78.5
Afghanistan,2007,80.1
Afghanistan,2006,82
Afghanistan,2005,84
Afghanistan,2004,86.2
Afghanistan,2003,88.4
Afghanistan,2002,90.6
Afghanistan,2001,92.7
Afghanistan,2000,94.5
Afghanistan,1999,96.2
Afghanistan,1998,97.7
Afghanistan,1997,99.2
Afghanistan,1996,100.9
Afghanistan,1995,103
Afghanistan,1994,105.6
Afghanistan,1993,108.7
Afghanistan,1992,112.5
Afghanistan,1991,116.7
Afghanistan,1990,121.3
Albania,2013,13.3
Albania,2012,13.8
Albania,2011,14.2
Albania,2010,14.8
Albania,2009,15.4
Albania,2008,16
Albania,2007,16.7
Albania,2006,17.4
Albania,2005,18.2
Albania,2004,19.1
Albania,2003,20
Albania,2002,21
Albania,2001,22.1
Albania,2000,23.2
Albania,1999,24.3
Albania,1998,25.5
Albania,1997,26.7
Albania,1996,27.9
Albania,1995,29.1
Albania,1994,30.2
Albania,1993,31.3
Albania,1992,32.5
Albania,1991,33.7
Albania,1990,35.1
Algeria,2013,21.6
Algeria,2012,22.2
Algeria,2011,22.8
Algeria,2010,23.5
Algeria,2009,24.4
Algeria,2008,25.3
Algeria,2007,26.4
Algeria,2006,27.6
Algeria,2005,28.8
Algeria,2004,30.1
Algeria,2003,31.3
Algeria,2002,32.4
Algeria,2001,33.2
Algeria,2000,33.9
Algeria,1999,34.4
Algeria,1998,34.8
Algeria,1997,35.2
Algeria,1996,35.7
Algeria,1995,36.4
Algeria,1994,37
Algeria,1993,37.7
Algeria,1992,38.3
Algeria,1991,39
Algeria,1990,39.9
Andorra,2013,2.2
Andorra,2012,2.3
Andorra,2011,2.4
Andorra,2010,2.4
Andorra,2009,2.5
Andorra,2008,2.6
Andorra,2007,2.7
Andorra,2006,2.9
Andorra,2005,3.1
Andorra,2004,3.2
Andorra,2003,3.3
Andorra,2002,3.5
Andorra,2001,3.7
Andorra,2000,3.9
Andorra,1999,4.1
Andorra,1998,4.4
Andorra,1997,4.6
Andorra,1996,4.9
Andorra,1995,5.2
Andorra,1994,5.7
Andorra,1993,6
Andorra,1992,6.5
Andorra,1991,7
Andorra,1990,7.5
Angola,2013,101.6
Angola,2012,104.3
Angola,2011,107
Angola,2010,109.6
Angola,2009,112.4
Angola,2008,114.9
Angola,2007,117.4
Angola,2006,119.6
Angola,2005,121.5
Angola,2004,123
Angola,2003,124.5
Angola,2002,125.7
Angola,2001,127
Angola,2000,128.3
Angola,1999,129.5
Angola,1998,130.5
Angola,1997,131.4
Angola,1996,132.2
Angola,1995,132.7
Angola,1994,133.1
Angola,1993,133.3
Angola,1992,133.4
Angola,1991,133.4
Angola,1990,133.4
Antigua and Barbuda,2013,7.7
Antigua and Barbuda,2012,8
Antigua and Barbuda,2011,8.2
Antigua and Barbuda,2010,8.6
Antigua and Barbuda,2009,8.8
Antigua and Barbuda,2008,9.2
Antigua and Barbuda,2007,9.6
Antigua and Barbuda,2006,10.1
Antigua and Barbuda,2005,10.6
Antigua and Barbuda,2004,11.2
Antigua and Barbuda,2003,11.8
Antigua and Barbuda,2002,12.4
Antigua and Barbuda,2001,13.1
Antigua and Barbuda,2000,13.8
Antigua and Barbuda,1999,14.5
Antigua and Barbuda,1998,15.3
Antigua and Barbuda,1997,16.2
Antigua and Barbuda,1996,17
Antigua and Barbuda,1995,17.9
Antigua and Barbuda,1994,18.8
Antigua and Barbuda,1993,19.9
Antigua and Barbuda,1992,20.9
Antigua and Barbuda,1991,22.1
Antigua and Barbuda,1990,23.4
Argentina,2013,11.9
Argentina,2012,12.3
Argentina,2011,12.7
Argentina,2010,13
Argentina,2009,13.4
Argentina,2008,13.7
Argentina,2007,14.2
Argentina,2006,14.7
Argentina,2005,15.3
Argentina,2004,16
Argentina,2003,16.6
Argentina,2002,17.1
Argentina,2001,17.6
Argentina,2000,18
Argentina,1999,18.5
Argentina,1998,19
Argentina,1997,19.6
Argentina,1996,20.2
Argentina,1995,20.8
Argentina,1994,21.4
Argentina,1993,22.1
Argentina,1992,22.8
Argentina,1991,23.6
Argentina,1990,24.4
Armenia,2013,14
Armenia,2012,14.6
Armenia,2011,15.4
Armenia,2010,16.2
Armenia,2009,17
Armenia,2008,17.9
Armenia,2007,18.9
Armenia,2006,19.8
Armenia,2005,20.8
Armenia,2004,21.9
Armenia,2003,23
Armenia,2002,24.1
Armenia,2001,25.3
Armenia,2000,26.6
Armenia,1999,27.8
Armenia,1998,29.2
Armenia,1997,30.6
Armenia,1996,32
Armenia,1995,33.6
Armenia,1994,35.2
Armenia,1993,37
Armenia,1992,38.7
Armenia,1991,40.6
Armenia,1990,42.4
Australia,2013,3.4
Australia,2012,3.5
Australia,2011,3.8
Australia,2010,4
Australia,2009,4.2
Australia,2008,4.4
Australia,2007,4.5
Australia,2006,4.7
Australia,2005,4.8
Australia,2004,4.9
Australia,2003,4.9
Australia,2002,5
Australia,2001,5
Australia,2000,5.1
Australia,1999,5.3
Australia,1998,5.4
Australia,1997,5.4
Australia,1996,5.6
Australia,1995,5.8
Australia,1994,6
Australia,1993,6.3
Australia,1992,6.7
Australia,1991,7.1
Australia,1990,7.6
Austria,2013,3.2
Austria,2012,3.3
Austria,2011,3.4
Austria,2010,3.6
Austria,2009,3.7
Austria,2008,3.8
Austria,2007,3.8
Austria,2006,4
Austria,2005,4
Austria,2004,4.1
Austria,2003,4.3
Austria,2002,4.4
Austria,2001,4.5
Austria,2000,4.6
Austria,1999,4.7
Austria,1998,4.8
Austria,1997,5
Austria,1996,5.3
Austria,1995,5.7
Austria,1994,6.2
Austria,1993,6.7
Austria,1992,7.1
Austria,1991,7.6
Austria,1990,8
Azerbaijan,2013,29.9
Azerbaijan,2012,31.1
Azerbaijan,2011,32.4
Azerbaijan,2010,33.8
Azerbaijan,2009,35.4
Azerbaijan,2008,37.2
Azerbaijan,2007,39.3
Azerbaijan,2006,41.5
Azerbaijan,2005,43.9
Azerbaijan,2004,46.7
Azerbaijan,2003,49.8
Azerbaijan,2002,53.2
Azerbaijan,2001,56.9
Azerbaijan,2000,60.7
Azerbaijan,1999,64.5
Azerbaijan,1998,68
Azerbaijan,1997,71
Azerbaijan,1996,73.4
Azerbaijan,1995,75
Azerbaijan,1994,75.9
Azerbaijan,1993,76.1
Azerbaijan,1992,75.8
Azerbaijan,1991,75.6
Azerbaijan,1990,75.4
Bahamas,2013,10.4
Bahamas,2012,10.7
Bahamas,2011,11
Bahamas,2010,11.2
Bahamas,2009,11.6
Bahamas,2008,11.8
Bahamas,2007,12.1
Bahamas,2006,12.3
Bahamas,2005,12.5
Bahamas,2004,12.6
Bahamas,2003,12.7
Bahamas,2002,12.8
Bahamas,2001,12.8
Bahamas,2000,13
Bahamas,1999,13.2
Bahamas,1998,13.6
Bahamas,1997,14.1
Bahamas,1996,14.8
Bahamas,1995,15.5
Bahamas,1994,16.3
Bahamas,1993,17.1
Bahamas,1992,17.9
Bahamas,1991,18.7
Bahamas,1990,19.6
Bahrain,2013,5.2
Bahrain,2012,5.6
Bahrain,2011,6.1
Bahrain,2010,6.7
Bahrain,2009,7.3
Bahrain,2008,7.9
Bahrain,2007,8.5
Bahrain,2006,9
Bahrain,2005,9.4
Bahrain,2004,9.7
Bahrain,2003,10
Bahrain,2002,10.2
Bahrain,2001,10.5
Bahrain,2000,10.9
Bahrain,1999,11.5
Bahrain,1998,12.2
Bahrain,1997,13.1
Bahrain,1996,14.3
Bahrain,1995,15.5
Bahrain,1994,16.7
Bahrain,1993,17.8
Bahrain,1992,18.7
Bahrain,1991,19.2
Bahrain,1990,19.5
Bangladesh,2013,33.2
Bangladesh,2012,34.9
Bangladesh,2011,36.8
Bangladesh,2010,38.9
Bangladesh,2009,41.1
Bangladesh,2008,43.4
Bangladesh,2007,45.9
Bangladesh,2006,48.4
Bangladesh,2005,50.9
Bangladesh,2004,53.4
Bangladesh,2003,56
Bangladesh,2002,58.7
Bangladesh,2001,61.5
Bangladesh,2000,64.4
Bangladesh,1999,67.5
Bangladesh,1998,70.6
Bangladesh,1997,74
Bangladesh,1996,77.4
Bangladesh,1995,81
Bangladesh,1994,84.6
Bangladesh,1993,88.3
Bangladesh,1992,92
Bangladesh,1991,95.8
Bangladesh,1990,99.6
Barbados,2013,13.3
Barbados,2012,13.5
Barbados,2011,13.6
Barbados,2010,13.6
Barbados,2009,13.8
Barbados,2008,13.9
Barbados,2007,14.1
Barbados,2006,14.4
Barbados,2005,14.7
Barbados,2004,14.8
Barbados,2003,15.1
Barbados,2002,15.1
Barbados,2001,15
Barbados,2000,14.9
Barbados,1999,14.7
Barbados,1998,14.5
Barbados,1997,14.4
Barbados,1996,14.3
Barbados,1995,14.2
Barbados,1994,14.4
Barbados,1993,14.6
Barbados,1992,15.1
Barbados,1991,15.6
Barbados,1990,16.2
Belarus,2013,3.7
Belarus,2012,4
Belarus,2011,4.3
Belarus,2010,4.7
Belarus,2009,5.1
Belarus,2008,5.6
Belarus,2007,6.1
Belarus,2006,6.8
Belarus,2005,7.3
Belarus,2004,8
Belarus,2003,8.5
Belarus,2002,9.3
Belarus,2001,10.2
Belarus,2000,11.4
Belarus,1999,12.5
Belarus,1998,13.5
Belarus,1997,14.2
Belarus,1996,14.4
Belarus,1995,14.4
Belarus,1994,14.1
Belarus,1993,13.8
Belarus,1992,13.6
Belarus,1991,13.5
Belarus,1990,13.5
Belgium,2013,3.5
Belgium,2012,3.6
Belgium,2011,3.6
Belgium,2010,3.6
Belgium,2009,3.7
Belgium,2008,3.8
Belgium,2007,3.9
Belgium,2006,4
Belgium,2005,4.1
Belgium,2004,4.2
Belgium,2003,4.3
Belgium,2002,4.4
Belgium,2001,4.6
Belgium,2000,4.8
Belgium,1999,4.9
Belgium,1998,5.2
Belgium,1997,5.5
Belgium,1996,5.9
Belgium,1995,6.3
Belgium,1994,6.8
Belgium,1993,7.2
Belgium,1992,7.6
Belgium,1991,8
Belgium,1990,8.3
Belize,2013,14.3
Belize,2012,14.8
Belize,2011,15.2
Belize,2010,15.7
Belize,2009,16.2
Belize,2008,16.7
Belize,2007,17.3
Belize,2006,17.8
Belize,2005,18.4
Belize,2004,18.9
Belize,2003,19.4
Belize,2002,20
Belize,2001,20.6
Belize,2000,21.2
Belize,1999,21.9
Belize,1998,22.6
Belize,1997,23.4
Belize,1996,24.2
Belize,1995,25.2
Belize,1994,26.2
Belize,1993,27.5
Belize,1992,28.9
Belize,1991,30.4
Belize,1990,32.1
Benin,2013,56.2
Benin,2012,58
Benin,2011,60
Benin,2010,62.1
Benin,2009,64.1
Benin,2008,66.3
Benin,2007,68.8
Benin,2006,71.7
Benin,2005,74.9
Benin,2004,78.3
Benin,2003,81.8
Benin,2002,85
Benin,2001,87.7
Benin,2000,90
Benin,1999,91.8
Benin,1998,93.1
Benin,1997,94
Benin,1996,94.9
Benin,1995,96
Benin,1994,97.6
Benin,1993,99.8
Benin,1992,102.4
Benin,1991,105.2
Benin,1990,107.9
Bhutan,2013,29.7
Bhutan,2012,31
Bhutan,2011,32.5
Bhutan,2010,34.2
Bhutan,2009,36.2
Bhutan,2008,38.3
Bhutan,2007,40.5
Bhutan,2006,42.9
Bhutan,2005,45.3
Bhutan,2004,47.9
Bhutan,2003,50.5
Bhutan,2002,53.2
Bhutan,2001,56
Bhutan,2000,58.9
Bhutan,1999,61.9
Bhutan,1998,65
Bhutan,1997,68.2
Bhutan,1996,71.6
Bhutan,1995,75.1
Bhutan,1994,78.6
Bhutan,1993,82.2
Bhutan,1992,85.8
Bhutan,1991,89.5
Bhutan,1990,93.3
Bolivia,2013,31.2
Bolivia,2012,32.2
Bolivia,2011,33.4
Bolivia,2010,34.7
Bolivia,2009,36.2
Bolivia,2008,37.8
Bolivia,2007,39.7
Bolivia,2006,41.7
Bolivia,2005,44
Bolivia,2004,46.4
Bolivia,2003,48.8
Bolivia,2002,51.5
Bolivia,2001,54.2
Bolivia,2000,57
Bolivia,1999,59.9
Bolivia,1998,62.8
Bolivia,1997,65.6
Bolivia,1996,68.4
Bolivia,1995,71.1
Bolivia,1994,73.8
Bolivia,1993,76.5
Bolivia,1992,79.2
Bolivia,1991,81.8
Bolivia,1990,84.6
Bosnia and Herzegovina,2013,5.7
Bosnia and Herzegovina,2012,6
Bosnia and Herzegovina,2011,6.3
Bosnia and Herzegovina,2010,6.5
Bosnia and Herzegovina,2009,6.8
Bosnia and Herzegovina,2008,7.1
Bosnia and Herzegovina,2007,7.2
Bosnia and Herzegovina,2006,7.2
Bosnia and Herzegovina,2005,7.2
Bosnia and Herzegovina,2004,7.2
Bosnia and Herzegovina,2003,7.2
Bosnia and Herzegovina,2002,7.3
Bosnia and Herzegovina,2001,7.5
Bosnia and Herzegovina,2000,8.1
Bosnia and Herzegovina,1999,8.7
Bosnia and Herzegovina,1998,9.4
Bosnia and Herzegovina,1997,10.2
Bosnia and Herzegovina,1996,11
Bosnia and Herzegovina,1995,11.7
Bosnia and Herzegovina,1994,12.5
Bosnia and Herzegovina,1993,13.2
Bosnia and Herzegovina,1992,14.1
Bosnia and Herzegovina,1991,15
Bosnia and Herzegovina,1990,16.2
Botswana,2013,36.3
Botswana,2012,37.1
Botswana,2011,39.1
Botswana,2010,39.9
Botswana,2009,41.3
Botswana,2008,42.9
Botswana,2007,43
Botswana,2006,42.8
Botswana,2005,43.3
Botswana,2004,45.9
Botswana,2003,51
Botswana,2002,53.5
Botswana,2001,54
Botswana,2000,54.4
Botswana,1999,53
Botswana,1998,51.2
Botswana,1997,49.6
Botswana,1996,47.6
Botswana,1995,45.5
Botswana,1994,43.3
Botswana,1993,41.5
Botswana,1992,40.1
Botswana,1991,39.2
Botswana,1990,38.9
Brazil,2013,12.3
Brazil,2012,12.9
Brazil,2011,13.7
Brazil,2010,14.6
Brazil,2009,15.6
Brazil,2008,16.6
Brazil,2007,17.8
Brazil,2006,19.1
Brazil,2005,20.4
Brazil,2004,21.9
Brazil,2003,23.5
Brazil,2002,25.1
Brazil,2001,26.9
Brazil,2000,28.9
Brazil,1999,31
Brazil,1998,33.2
Brazil,1997,35.5
Brazil,1996,37.9
Brazil,1995,40.3
Brazil,1994,42.7
Brazil,1993,45.1
Brazil,1992,47.3
Brazil,1991,49.4
Brazil,1990,51.4
Brunei Darussalam,2013,8.4
Brunei Darussalam,2012,8.2
Brunei Darussalam,2011,7.9
Brunei Darussalam,2010,7.8
Brunei Darussalam,2009,7.6
Brunei Darussalam,2008,7.5
Brunei Darussalam,2007,7.5
Brunei Darussalam,2006,7.4
Brunei Darussalam,2005,7.4
Brunei Darussalam,2004,7.5
Brunei Darussalam,2003,7.5
Brunei Darussalam,2002,7.6
Brunei Darussalam,2001,7.5
Brunei Darussalam,2000,7.7
Brunei Darussalam,1999,7.7
Brunei Darussalam,1998,7.8
Brunei Darussalam,1997,8
Brunei Darussalam,1996,8.2
Brunei Darussalam,1995,8.4
Brunei Darussalam,1994,8.5
Brunei Darussalam,1993,8.8
Brunei Darussalam,1992,9
Brunei Darussalam,1991,9.2
Brunei Darussalam,1990,9.4
Bulgaria,2013,10.1
Bulgaria,2012,10.5
Bulgaria,2011,10.9
Bulgaria,2010,11.3
Bulgaria,2009,11.5
Bulgaria,2008,11.8
Bulgaria,2007,12.3
Bulgaria,2006,12.9
Bulgaria,2005,13.6
Bulgaria,2004,14.6
Bulgaria,2003,15.5
Bulgaria,2002,16.3
Bulgaria,2001,17.1
Bulgaria,2000,17.9
Bulgaria,1999,18.6
Bulgaria,1998,19.2
Bulgaria,1997,19.4
Bulgaria,1996,19.5
Bulgaria,1995,19.4
Bulgaria,1994,19.3
Bulgaria,1993,19.2
Bulgaria,1992,19.1
Bulgaria,1991,18.8
Bulgaria,1990,18.4
Burkina Faso,2013,64.1
Burkina Faso,2012,65.7
Burkina Faso,2011,67.7
Burkina Faso,2010,70
Burkina Faso,2009,72.8
Burkina Faso,2008,76
Burkina Faso,2007,79.4
Burkina Faso,2006,82.8
Burkina Faso,2005,86
Burkina Faso,2004,89
Burkina Faso,2003,91.4
Burkina Faso,2002,93.5
Burkina Faso,2001,95
Burkina Faso,2000,96.2
Burkina Faso,1999,97.3
Burkina Faso,1998,98.4
Burkina Faso,1997,99.5
Burkina Faso,1996,100.5
Burkina Faso,1995,101.4
Burkina Faso,1994,102
Burkina Faso,1993,102.3
Burkina Faso,1992,102.3
Burkina Faso,1991,102.3
Burkina Faso,1990,102.5
Burundi,2013,54.8
Burundi,2012,56.6
Burundi,2011,58.7
Burundi,2010,60.9
Burundi,2009,63.2
Burundi,2008,65.9
Burundi,2007,68.9
Burundi,2006,71.9
Burundi,2005,75.3
Burundi,2004,78.9
Burundi,2003,82.2
Burundi,2002,85.5
Burundi,2001,88.7
Burundi,2000,91.6
Burundi,1999,94.5
Burundi,1998,97
Burundi,1997,99.3
Burundi,1996,101.1
Burundi,1995,102.7
Burundi,1994,103.7
Burundi,1993,104.2
Burundi,1992,104.3
Burundi,1991,104
Burundi,1990,103.4
Cambodia,2013,32.5
Cambodia,2012,33.9
Cambodia,2011,35.5
Cambodia,2010,37.3
Cambodia,2009,39.3
Cambodia,2008,41.8
Cambodia,2007,44.7
Cambodia,2006,48.1
Cambodia,2005,52.1
Cambodia,2004,56.8
Cambodia,2003,62.5
Cambodia,2002,69.2
Cambodia,2001,75.9
Cambodia,2000,81.7
Cambodia,1999,85.7
Cambodia,1998,88
Cambodia,1997,88.8
Cambodia,1996,88.5
Cambodia,1995,87.9
Cambodia,1994,87.1
Cambodia,1993,86.4
Cambodia,1992,85.9
Cambodia,1991,85.6
Cambodia,1990,85.6
Cameroon,2013,60.8
Cameroon,2012,62.4
Cameroon,2011,64.3
Cameroon,2010,66
Cameroon,2009,68.7
Cameroon,2008,70.8
Cameroon,2007,73.3
Cameroon,2006,75.5
Cameroon,2005,78
Cameroon,2004,80.7
Cameroon,2003,83.6
Cameroon,2002,86.7
Cameroon,2001,89.8
Cameroon,2000,92.5
Cameroon,1999,94.2
Cameroon,1998,95
Cameroon,1997,94.8
Cameroon,1996,94
Cameroon,1995,92.6
Cameroon,1994,91
Cameroon,1993,89.1
Cameroon,1992,87.3
Cameroon,1991,85.8
Cameroon,1990,84.8
Canada,2013,4.6
Canada,2012,4.7
Canada,2011,4.7
Canada,2010,4.9
Canada,2009,5
Canada,2008,5
Canada,2007,5.1
Canada,2006,5.2
Canada,2005,5.3
Canada,2004,5.2
Canada,2003,5.2
Canada,2002,5.3
Canada,2001,5.3
Canada,2000,5.2
Canada,1999,5.3
Canada,1998,5.4
Canada,1997,5.4
Canada,1996,5.6
Canada,1995,5.7
Canada,1994,6
Canada,1993,6.1
Canada,1992,6.4
Canada,1991,6.6
Canada,1990,6.8
Cape Verde,2013,21.9
Cape Verde,2012,22.4
Cape Verde,2011,22.9
Cape Verde,2010,23.3
Cape Verde,2009,23.6
Cape Verde,2008,23.7
Cape Verde,2007,23.6
Cape Verde,2006,23.4
Cape Verde,2005,23.3
Cape Verde,2004,23.3
Cape Verde,2003,23.8
Cape Verde,2002,24.8
Cape Verde,2001,26.5
Cape Verde,2000,29
Cape Verde,1999,32
Cape Verde,1998,35.4
Cape Verde,1997,38.8
Cape Verde,1996,41.7
Cape Verde,1995,43.9
Cape Verde,1994,45.3
Cape Verde,1993,46.1
Cape Verde,1992,46.6
Cape Verde,1991,47.3
Cape Verde,1990,48.4
Central African Republic,2013,96.1
Central African Republic,2012,97.9
Central African Republic,2011,100.1
Central African Republic,2010,102.7
Central African Republic,2009,104.7
Central African Republic,2008,106.6
Central African Republic,2007,108.1
Central African Republic,2006,109.3
Central African Republic,2005,110.5
Central African Republic,2004,111.4
Central African Republic,2003,112
Central African Republic,2002,112.7
Central African Republic,2001,113
Central African Republic,2000,113.3
Central African Republic,1999,113.6
Central African Republic,1998,113.9
Central African Republic,1997,114.1
Central African Republic,1996,114.2
Central African Republic,1995,114.3
Central African Republic,1994,114.4
Central African Republic,1993,114.6
Central African Republic,1992,114.7
Central African Republic,1991,115
Central African Republic,1990,115.3
Chad,2013,88.5
Chad,2012,90.2
Chad,2011,91.9
Chad,2010,93.7
Chad,2009,95.4
Chad,2008,97.1
Chad,2007,98.5
Chad,2006,99.7
Chad,2005,100.7
Chad,2004,101.7
Chad,2003,102.7
Chad,2002,103.7
Chad,2001,104.8
Chad,2000,105.9
Chad,1999,107
Chad,1998,108.1
Chad,1997,109.1
Chad,1996,110
Chad,1995,110.9
Chad,1994,111.8
Chad,1993,112.7
Chad,1992,113.7
Chad,1991,114.8
Chad,1990,115.9
Chile,2013,7.1
Chile,2012,7.2
Chile,2011,7.4
Chile,2010,7.5
Chile,2009,7.5
Chile,2008,7.6
Chile,2007,7.6
Chile,2006,7.6
Chile,2005,7.7
Chile,2004,7.9
Chile,2003,8
Chile,2002,8.3
Chile,2001,8.7
Chile,2000,9.2
Chile,1999,9.7
Chile,1998,10
Chile,1997,10.2
Chile,1996,10.5
Chile,1995,11
Chile,1994,11.7
Chile,1993,12.7
Chile,1992,13.8
Chile,1991,14.9
Chile,1990,16
China,2013,10.9
China,2012,11.7
China,2011,12.6
China,2010,13.6
China,2009,14.7
China,2008,15.8
China,2007,17.1
China,2006,18.6
China,2005,20.3
China,2004,22.1
China,2003,24.1
China,2002,26.2
China,2001,28.3
China,2000,30.2
China,1999,31.9
China,1998,33.5
China,1997,35
China,1996,36.4
China,1995,37.7
China,1994,39.1
China,1993,40.2
China,1992,41.2
China,1991,41.8
China,1990,42.2
Colombia,2013,14.5
Colombia,2012,15
Colombia,2011,15.4
Colombia,2010,15.9
Colombia,2009,16.4
Colombia,2008,16.9
Colombia,2007,17.4
Colombia,2006,17.9
Colombia,2005,18.4
Colombia,2004,19
Colombia,2003,19.5
Colombia,2002,20
Colombia,2001,20.6
Colombia,2000,21.2
Colombia,1999,21.9
Colombia,1998,22.6
Colombia,1997,23.4
Colombia,1996,24.2
Colombia,1995,25
Colombia,1994,25.8
Colombia,1993,26.6
Colombia,1992,27.4
Colombia,1991,28.2
Colombia,1990,29
Comoros,2013,57.9
Comoros,2012,59.4
Comoros,2011,61
Comoros,2010,62.8
Comoros,2009,64.5
Comoros,2008,66.1
Comoros,2007,67.6
Comoros,2006,69
Comoros,2005,70.3
Comoros,2004,71.4
Comoros,2003,72.1
Comoros,2002,72.4
Comoros,2001,72.5
Comoros,2000,72.8
Comoros,1999,73.2
Comoros,1998,73.8
Comoros,1997,74.8
Comoros,1996,75.8
Comoros,1995,77.2
Comoros,1994,78.9
Comoros,1993,80.9
Comoros,1992,83.1
Comoros,1991,85.6
Comoros,1990,88.1
Congo,2013,35.6
Congo,2012,37.3
Congo,2011,39.4
Congo,2010,42
Congo,2009,45.1
Congo,2008,48.8
Congo,2007,52.9
Congo,2006,57.2
Congo,2005,61.6
Congo,2004,65.9
Congo,2003,69.9
Congo,2002,73.2
Congo,2001,75.4
Congo,2000,76.5
Congo,1999,76.3
Congo,1998,75.1
Congo,1997,73.2
Congo,1996,70.8
Congo,1995,68.3
Congo,1994,66
Congo,1993,63.9
Congo,1992,62.2
Congo,1991,60.9
Congo,1990,60.1
Cook Islands,2013,7.5
Cook Islands,2012,7.8
Cook Islands,2011,8.1
Cook Islands,2010,8.5
Cook Islands,2009,8.9
Cook Islands,2008,9.4
Cook Islands,2007,9.9
Cook Islands,2006,10.5
Cook Islands,2005,11.1
Cook Islands,2004,11.8
Cook Islands,2003,12.4
Cook Islands,2002,13.1
Cook Islands,2001,13.7
Cook Islands,2000,14.4
Cook Islands,1999,15.2
Cook Islands,1998,16
Cook Islands,1997,16.9
Cook Islands,1996,17.8
Cook Islands,1995,18.5
Cook Islands,1994,19.2
Cook Islands,1993,19.7
Cook Islands,1992,20
Cook Islands,1991,20.3
Cook Islands,1990,20.6
Costa Rica,2013,8.4
Costa Rica,2012,8.6
Costa Rica,2011,8.7
Costa Rica,2010,8.7
Costa Rica,2009,8.8
Costa Rica,2008,8.9
Costa Rica,2007,9
Costa Rica,2006,9
Costa Rica,2005,9
Costa Rica,2004,9.2
Costa Rica,2003,9.4
Costa Rica,2002,10
Costa Rica,2001,10.6
Costa Rica,2000,11.3
Costa Rica,1999,11.8
Costa Rica,1998,12.3
Costa Rica,1997,12.7
Costa Rica,1996,12.9
Costa Rica,1995,13.1
Costa Rica,1994,13.1
Costa Rica,1993,13.4
Costa Rica,1992,13.8
Costa Rica,1991,14.1
Costa Rica,1990,14.3
Cote d'Ivoire,2013,71.3
Cote d'Ivoire,2012,73.2
Cote d'Ivoire,2011,75.2
Cote d'Ivoire,2010,76.9
Cote d'Ivoire,2009,79.3
Cote d'Ivoire,2008,81.5
Cote d'Ivoire,2007,84
Cote d'Ivoire,2006,86.6
Cote d'Ivoire,2005,88.8
Cote d'Ivoire,2004,91.3
Cote d'Ivoire,2003,93.5
Cote d'Ivoire,2002,95.7
Cote d'Ivoire,2001,97.7
Cote d'Ivoire,2000,99.6
Cote d'Ivoire,1999,101
Cote d'Ivoire,1998,102.2
Cote d'Ivoire,1997,103
Cote d'Ivoire,1996,103.6
Cote d'Ivoire,1995,103.8
Cote d'Ivoire,1994,104
Cote d'Ivoire,1993,104.1
Cote d'Ivoire,1992,104.2
Cote d'Ivoire,1991,104.2
Cote d'Ivoire,1990,104.3
Croatia,2013,3.8
Croatia,2012,4
Croatia,2011,4.3
Croatia,2010,4.5
Croatia,2009,4.8
Croatia,2008,5.1
Croatia,2007,5.3
Croatia,2006,5.6
Croatia,2005,5.8
Croatia,2004,6.1
Croatia,2003,6.4
Croatia,2002,6.6
Croatia,2001,6.9
Croatia,2000,7.2
Croatia,1999,7.4
Croatia,1998,7.7
Croatia,1997,8.1
Croatia,1996,8.3
Croatia,1995,8.7
Croatia,1994,9
Croatia,1993,9.5
Croatia,1992,9.9
Croatia,1991,10.5
Croatia,1990,11.1
Cuba,2013,5
Cuba,2012,5.3
Cuba,2011,5.5
Cuba,2010,5.4
Cuba,2009,5.2
Cuba,2008,5
Cuba,2007,5
Cuba,2006,5.1
Cuba,2005,5.3
Cuba,2004,5.5
Cuba,2003,5.8
Cuba,2002,6
Cuba,2001,6.2
Cuba,2000,6.5
Cuba,1999,6.8
Cuba,1998,7.3
Cuba,1997,7.7
Cuba,1996,8.1
Cuba,1995,8.4
Cuba,1994,8.5
Cuba,1993,8.7
Cuba,1992,9.2
Cuba,1991,9.8
Cuba,1990,10.5
Cyprus,2013,2.8
Cyprus,2012,2.9
Cyprus,2011,3
Cyprus,2010,3.1
Cyprus,2009,3.2
Cyprus,2008,3.4
Cyprus,2007,3.5
Cyprus,2006,3.8
Cyprus,2005,4
Cyprus,2004,4.2
Cyprus,2003,4.5
Cyprus,2002,4.8
Cyprus,2001,5.2
Cyprus,2000,5.5
Cyprus,1999,6
Cyprus,1998,6.5
Cyprus,1997,6.9
Cyprus,1996,7.4
Cyprus,1995,7.9
Cyprus,1994,8.4
Cyprus,1993,8.9
Cyprus,1992,9.3
Cyprus,1991,9.7
Cyprus,1990,9.9
Czech Republic,2013,2.9
Czech Republic,2012,3.1
Czech Republic,2011,3.2
Czech Republic,2010,3.4
Czech Republic,2009,3.6
Czech Republic,2008,3.7
Czech Republic,2007,3.9
Czech Republic,2006,4.2
Czech Republic,2005,4.4
Czech Republic,2004,4.6
Czech Republic,2003,4.8
Czech Republic,2002,5.1
Czech Republic,2001,5.3
Czech Republic,2000,5.6
Czech Republic,1999,6
Czech Republic,1998,6.5
Czech Republic,1997,7.2
Czech Republic,1996,7.9
Czech Republic,1995,8.8
Czech Republic,1994,9.7
Czech Republic,1993,10.7
Czech Republic,1992,11.5
Czech Republic,1991,12.2
Czech Republic,1990,12.8
Democratic Republic of the Congo,2013,86.1
Democratic Republic of the Congo,2012,88.1
Democratic Republic of the Congo,2011,90.2
Democratic Republic of the Congo,2010,92.4
Democratic Republic of the Congo,2009,94.7
Democratic Republic of the Congo,2008,97.1
Democratic Republic of the Congo,2007,99.5
Democratic Republic of the Congo,2006,102.1
Democratic Republic of the Congo,2005,104.9
Democratic Republic of the Congo,2004,107.8
Democratic Republic of the Congo,2003,110.6
Democratic Republic of the Congo,2002,112.9
Democratic Republic of the Congo,2001,114.2
Democratic Republic of the Congo,2000,114.6
Democratic Republic of the Congo,1999,114.7
Democratic Republic of the Congo,1998,114.7
Democratic Republic of the Congo,1997,114.7
Democratic Republic of the Congo,1996,114.7
Democratic Republic of the Congo,1995,114.7
Democratic Republic of the Congo,1994,114.7
Democratic Republic of the Congo,1993,114.7
Democratic Republic of the Congo,1992,114.7
Democratic Republic of the Congo,1991,114.7
Democratic Republic of the Congo,1990,114.7
Denmark,2013,2.9
Denmark,2012,3
Denmark,2011,3.1
Denmark,2010,3.3
Denmark,2009,3.5
Denmark,2008,3.5
Denmark,2007,3.7
Denmark,2006,3.9
Denmark,2005,4
Denmark,2004,4.2
Denmark,2003,4.4
Denmark,2002,4.4
Denmark,2001,4.5
Denmark,2000,4.6
Denmark,1999,4.7
Denmark,1998,4.8
Denmark,1997,4.9
Denmark,1996,5.1
Denmark,1995,5.4
Denmark,1994,5.7
Denmark,1993,6.1
Denmark,1992,6.5
Denmark,1991,6.9
Denmark,1990,7.4
Djibouti,2013,57.4
Djibouti,2012,59
Djibouti,2011,60.5
Djibouti,2010,62.1
Djibouti,2009,63.8
Djibouti,2008,65.5
Djibouti,2007,67.3
Djibouti,2006,69.1
Djibouti,2005,70.9
Djibouti,2004,72.8
Djibouti,2003,74.6
Djibouti,2002,76.4
Djibouti,2001,78.1
Djibouti,2000,79.7
Djibouti,1999,81.1
Djibouti,1998,82.5
Djibouti,1997,83.7
Djibouti,1996,84.9
Djibouti,1995,85.9
Djibouti,1994,86.9
Djibouti,1993,88
Djibouti,1992,89.2
Djibouti,1991,90.5
Djibouti,1990,92.1
Dominica,2013,10.2
Dominica,2012,10.5
Dominica,2011,10.8
Dominica,2010,11.1
Dominica,2009,11.4
Dominica,2008,11.7
Dominica,2007,12
Dominica,2006,12.2
Dominica,2005,12.4
Dominica,2004,12.7
Dominica,2003,12.9
Dominica,2002,13.1
Dominica,2001,13.4
Dominica,2000,13.6
Dominica,1999,13.8
Dominica,1998,14
Dominica,1997,14.2
Dominica,1996,14.3
Dominica,1995,14.4
Dominica,1994,14.5
Dominica,1993,14.4
Dominica,1992,14.3
Dominica,1991,14.2
Dominica,1990,14
Dominican Republic,2013,23.6
Dominican Republic,2012,24.2
Dominican Republic,2011,24.9
Dominican Republic,2010,25.6
Dominican Republic,2009,26.3
Dominican Republic,2008,27
Dominican Republic,2007,27.7
Dominican Republic,2006,28.4
Dominican Republic,2005,29.1
Dominican Republic,2004,29.9
Dominican Republic,2003,30.6
Dominican Republic,2002,31.5
Dominican Republic,2001,32.3
Dominican Republic,2000,33.2
Dominican Republic,1999,34.2
Dominican Republic,1998,35.3
Dominican Republic,1997,36.4
Dominican Republic,1996,37.6
Dominican Republic,1995,38.8
Dominican Republic,1994,40.2
Dominican Republic,1993,41.6
Dominican Republic,1992,43.1
Dominican Republic,1991,44.6
Dominican Republic,1990,46.1
Ecuador,2013,19.1
Ecuador,2012,19.7
Ecuador,2011,20.3
Ecuador,2010,20.9
Ecuador,2009,21.5
Ecuador,2008,22.1
Ecuador,2007,22.8
Ecuador,2006,23.4
Ecuador,2005,24.1
Ecuador,2004,24.8
Ecuador,2003,25.5
Ecuador,2002,26.3
Ecuador,2001,27.2
Ecuador,2000,28.3
Ecuador,1999,29.4
Ecuador,1998,30.7
Ecuador,1997,32.1
Ecuador,1996,33.6
Ecuador,1995,35.2
Ecuador,1994,36.9
Ecuador,1993,38.7
Ecuador,1992,40.5
Ecuador,1991,42.4
Ecuador,1990,44.2
Egypt,2013,18.6
Egypt,2012,19
Egypt,2011,19.4
Egypt,2010,19.9
Egypt,2009,20.6
Egypt,2008,21.4
Egypt,2007,22.6
Egypt,2006,23.9
Egypt,2005,25.5
Egypt,2004,27.3
Egypt,2003,29.3
Egypt,2002,31.3
Egypt,2001,33.5
Egypt,2000,35.9
Egypt,1999,38.3
Egypt,1998,40.8
Egypt,1997,43.5
Egypt,1996,46.3
Egypt,1995,49.2
Egypt,1994,52
Egypt,1993,54.7
Egypt,1992,57.3
Egypt,1991,59.9
Egypt,1990,62.5
El Salvador,2013,13.5
El Salvador,2012,14
El Salvador,2011,14.6
El Salvador,2010,15.2
El Salvador,2009,15.9
El Salvador,2008,16.7
El Salvador,2007,17.7
El Salvador,2006,18.8
El Salvador,2005,20
El Salvador,2004,21.3
El Salvador,2003,22.6
El Salvador,2002,24
El Salvador,2001,25.3
El Salvador,2000,26.8
El Salvador,1999,28.4
El Salvador,1998,30
El Salvador,1997,31.9
El Salvador,1996,33.8
El Salvador,1995,35.8
El Salvador,1994,37.8
El Salvador,1993,39.9
El Salvador,1992,41.9
El Salvador,1991,43.9
El Salvador,1990,46
Equatorial Guinea,2013,69.3
Equatorial Guinea,2012,71.3
Equatorial Guinea,2011,73.4
Equatorial Guinea,2010,75.6
Equatorial Guinea,2009,77.7
Equatorial Guinea,2008,80.1
Equatorial Guinea,2007,82.2
Equatorial Guinea,2006,84.5
Equatorial Guinea,2005,86.8
Equatorial Guinea,2004,89.3
Equatorial Guinea,2003,91.6
Equatorial Guinea,2002,94.1
Equatorial Guinea,2001,96.4
Equatorial Guinea,2000,98.8
Equatorial Guinea,1999,101.3
Equatorial Guinea,1998,103.8
Equatorial Guinea,1997,106.4
Equatorial Guinea,1996,108.9
Equatorial Guinea,1995,111.4
Equatorial Guinea,1994,114
Equatorial Guinea,1993,116.6
Equatorial Guinea,1992,119.1
Equatorial Guinea,1991,121.7
Equatorial Guinea,1990,124.4
Eritrea,2013,36.1
Eritrea,2012,37.1
Eritrea,2011,38.2
Eritrea,2010,39.4
Eritrea,2009,40.7
Eritrea,2008,42.2
Eritrea,2007,43.9
Eritrea,2006,45.6
Eritrea,2005,47.4
Eritrea,2004,49.4
Eritrea,2003,51.4
Eritrea,2002,53.6
Eritrea,2001,55.9
Eritrea,2000,58.4
Eritrea,1999,61.2
Eritrea,1998,64.1
Eritrea,1997,67.2
Eritrea,1996,70.6
Eritrea,1995,74.1
Eritrea,1994,77.8
Eritrea,1993,81.7
Eritrea,1992,85.5
Eritrea,1991,89.1
Eritrea,1990,92.6
Estonia,2013,2.7
Estonia,2012,2.9
Estonia,2011,3.2
Estonia,2010,3.6
Estonia,2009,4
Estonia,2008,4.4
Estonia,2007,4.9
Estonia,2006,5.3
Estonia,2005,5.8
Estonia,2004,6.3
Estonia,2003,6.9
Estonia,2002,7.5
Estonia,2001,8.2
Estonia,2000,8.8
Estonia,1999,9.6
Estonia,1998,10.3
Estonia,1997,11.2
Estonia,1996,12
Estonia,1995,12.8
Estonia,1994,13.6
Estonia,1993,14.5
Estonia,1992,15.2
Estonia,1991,15.9
Estonia,1990,16.5
Ethiopia,2013,44.4
Ethiopia,2012,46.2
Ethiopia,2011,48.2
Ethiopia,2010,50.7
Ethiopia,2009,53.6
Ethiopia,2008,57.1
Ethiopia,2007,61.1
Ethiopia,2006,65.3
Ethiopia,2005,69.8
Ethiopia,2004,74.4
Ethiopia,2003,78.7
Ethiopia,2002,82.8
Ethiopia,2001,86.5
Ethiopia,2000,89.8
Ethiopia,1999,92.8
Ethiopia,1998,95.6
Ethiopia,1997,98.7
Ethiopia,1996,102.1
Ethiopia,1995,105.8
Ethiopia,1994,109.5
Ethiopia,1993,113.3
Ethiopia,1992,116.6
Ethiopia,1991,119.4
Ethiopia,1990,121.8
Fiji,2013,20
Fiji,2012,20.2
Fiji,2011,20.2
Fiji,2010,20.1
Fiji,2009,20
Fiji,2008,19.9
Fiji,2007,19.7
Fiji,2006,19.6
Fiji,2005,19.6
Fiji,2004,19.6
Fiji,2003,19.8
Fiji,2002,20
Fiji,2001,20.3
Fiji,2000,20.6
Fiji,1999,20.9
Fiji,1998,21.2
Fiji,1997,21.5
Fiji,1996,21.9
Fiji,1995,22.2
Fiji,1994,22.6
Fiji,1993,23
Fiji,1992,23.6
Fiji,1991,24.2
Fiji,1990,25
Finland,2013,2.1
Finland,2012,2.2
Finland,2011,2.4
Finland,2010,2.5
Finland,2009,2.6
Finland,2008,2.7
Finland,2007,2.9
Finland,2006,2.9
Finland,2005,3.1
Finland,2004,3.2
Finland,2003,3.3
Finland,2002,3.4
Finland,2001,3.4
Finland,2000,3.5
Finland,1999,3.6
Finland,1998,3.8
Finland,1997,3.9
Finland,1996,4
Finland,1995,4.3
Finland,1994,4.5
Finland,1993,4.8
Finland,1992,5
Finland,1991,5.3
Finland,1990,5.5
France,2013,3.5
France,2012,3.5
France,2011,3.5
France,2010,3.5
France,2009,3.5
France,2008,3.5
France,2007,3.6
France,2006,3.7
France,2005,3.8
France,2004,3.9
France,2003,4
France,2002,4.2
France,2001,4.4
France,2000,4.4
France,1999,4.5
France,1998,4.6
France,1997,4.8
France,1996,5
France,1995,5.3
France,1994,5.8
France,1993,6.2
France,1992,6.7
France,1991,7.1
France,1990,7.4
Gabon,2013,39.1
Gabon,2012,40
Gabon,2011,41.6
Gabon,2010,43.2
Gabon,2009,44.6
Gabon,2008,45.9
Gabon,2007,47.5
Gabon,2006,49
Gabon,2005,50.3
Gabon,2004,51.5
Gabon,2003,52.7
Gabon,2002,53.7
Gabon,2001,54.7
Gabon,2000,55.5
Gabon,1999,56
Gabon,1998,56.5
Gabon,1997,56.9
Gabon,1996,57.4
Gabon,1995,57.8
Gabon,1994,58.3
Gabon,1993,58.8
Gabon,1992,59.3
Gabon,1991,59.8
Gabon,1990,60.3
Gambia,2013,49.4
Gambia,2012,50.2
Gambia,2011,51
Gambia,2010,51.8
Gambia,2009,52.7
Gambia,2008,53.7
Gambia,2007,54.7
Gambia,2006,55.8
Gambia,2005,56.9
Gambia,2004,58.1
Gambia,2003,59.4
Gambia,2002,60.7
Gambia,2001,62
Gambia,2000,63.4
Gambia,1999,64.8
Gambia,1998,66.2
Gambia,1997,67.7
Gambia,1996,69.2
Gambia,1995,70.8
Gambia,1994,72.5
Gambia,1993,74.2
Gambia,1992,76
Gambia,1991,77.9
Gambia,1990,79.9
Georgia,2013,11.7
Georgia,2012,12.5
Georgia,2011,13.5
Georgia,2010,14.6
Georgia,2009,15.8
Georgia,2008,17.1
Georgia,2007,18.6
Georgia,2006,20.1
Georgia,2005,21.8
Georgia,2004,23.7
Georgia,2003,25.6
Georgia,2002,27.5
Georgia,2001,29.3
Georgia,2000,31.2
Georgia,1999,32.9
Georgia,1998,34.5
Georgia,1997,35.9
Georgia,1996,37.1
Georgia,1995,38
Georgia,1994,38.7
Georgia,1993,39.3
Georgia,1992,39.8
Georgia,1991,40.2
Georgia,1990,40.5
Germany,2013,3.2
Germany,2012,3.3
Germany,2011,3.4
Germany,2010,3.5
Germany,2009,3.6
Germany,2008,3.6
Germany,2007,3.7
Germany,2006,3.8
Germany,2005,3.9
Germany,2004,4
Germany,2003,4.1
Germany,2002,4.2
Germany,2001,4.3
Germany,2000,4.4
Germany,1999,4.5
Germany,1998,4.7
Germany,1997,4.8
Germany,1996,5.1
Germany,1995,5.3
Germany,1994,5.5
Germany,1993,5.9
Germany,1992,6.2
Germany,1991,6.5
Germany,1990,7
Ghana,2013,52.3
Ghana,2012,53.3
Ghana,2011,54.2
Ghana,2010,55
Ghana,2009,55.6
Ghana,2008,56.1
Ghana,2007,56.6
Ghana,2006,57.2
Ghana,2005,57.9
Ghana,2004,58.9
Ghana,2003,60.1
Ghana,2002,61.6
Ghana,2001,63.4
Ghana,2000,65.2
Ghana,1999,67
Ghana,1998,68.7
Ghana,1997,70.1
Ghana,1996,71.3
Ghana,1995,72.4
Ghana,1994,73.4
Ghana,1993,74.5
Ghana,1992,76
Ghana,1991,77.9
Ghana,1990,80.3
Greece,2013,3.7
Greece,2012,3.8
Greece,2011,3.9
Greece,2010,4
Greece,2009,4.1
Greece,2008,4.2
Greece,2007,4.3
Greece,2006,4.5
Greece,2005,4.8
Greece,2004,5.1
Greece,2003,5.5
Greece,2002,6
Greece,2001,6.4
Greece,2000,6.9
Greece,1999,7.4
Greece,1998,7.8
Greece,1997,8.3
Greece,1996,8.7
Greece,1995,9.1
Greece,1994,9.4
Greece,1993,9.8
Greece,1992,10.3
Greece,1991,10.8
Greece,1990,11.3
Grenada,2013,10.7
Grenada,2012,11
Grenada,2011,11.3
Grenada,2010,11.5
Grenada,2009,11.8
Grenada,2008,12
Grenada,2007,12.3
Grenada,2006,12.5
Grenada,2005,12.7
Grenada,2004,12.8
Grenada,2003,13
Grenada,2002,13.2
Grenada,2001,13.4
Grenada,2000,13.6
Grenada,1999,13.9
Grenada,1998,14.2
Grenada,1997,14.5
Grenada,1996,14.9
Grenada,1995,15.3
Grenada,1994,15.8
Grenada,1993,16.3
Grenada,1992,16.7
Grenada,1991,17.2
Grenada,1990,17.7
Guatemala,2013,25.8
Guatemala,2012,26.6
Guatemala,2011,27.5
Guatemala,2010,28.4
Guatemala,2009,29.3
Guatemala,2008,30.2
Guatemala,2007,31.2
Guatemala,2006,32.3
Guatemala,2005,33.4
Guatemala,2004,34.6
Guatemala,2003,35.9
Guatemala,2002,37.2
Guatemala,2001,38.6
Guatemala,2000,40
Guatemala,1999,41.5
Guatemala,1998,43.1
Guatemala,1997,44.8
Guatemala,1996,46.6
Guatemala,1995,48.5
Guatemala,1994,50.5
Guatemala,1993,52.6
Guatemala,1992,54.9
Guatemala,1991,57.2
Guatemala,1990,59.6
Guinea,2013,64.9
Guinea,2012,67
Guinea,2011,69
Guinea,2010,71.4
Guinea,2009,73.9
Guinea,2008,76.5
Guinea,2007,79.2
Guinea,2006,82
Guinea,2005,85.1
Guinea,2004,88.3
Guinea,2003,91.7
Guinea,2002,95.4
Guinea,2001,99.2
Guinea,2000,103.1
Guinea,1999,106.9
Guinea,1998,110.8
Guinea,1997,114.6
Guinea,1996,118.3
Guinea,1995,122.1
Guinea,1994,125.9
Guinea,1993,129.6
Guinea,1992,133.3
Guinea,1991,137
Guinea,1990,140.4
Guinea-Bissau,2013,77.9
Guinea-Bissau,2012,80.1
Guinea-Bissau,2011,82.2
Guinea-Bissau,2010,84.5
Guinea-Bissau,2009,86.8
Guinea-Bissau,2008,89.1
Guinea-Bissau,2007,91.4
Guinea-Bissau,2006,93.8
Guinea-Bissau,2005,96.1
Guinea-Bissau,2004,98.7
Guinea-Bissau,2003,101.2
Guinea-Bissau,2002,103.7
Guinea-Bissau,2001,106.2
Guinea-Bissau,2000,108.7
Guinea-Bissau,1999,111.2
Guinea-Bissau,1998,113.9
Guinea-Bissau,1997,116.4
Guinea-Bissau,1996,119
Guinea-Bissau,1995,121.4
Guinea-Bissau,1994,123.9
Guinea-Bissau,1993,126.3
Guinea-Bissau,1992,128.5
Guinea-Bissau,1991,130.7
Guinea-Bissau,1990,132.8
Guyana,2013,29.9
Guyana,2012,30.7
Guyana,2011,31.5
Guyana,2010,32.3
Guyana,2009,33
Guyana,2008,33.8
Guyana,2007,34.4
Guyana,2006,35
Guyana,2005,35.5
Guyana,2004,36.1
Guyana,2003,36.6
Guyana,2002,37.3
Guyana,2001,37.9
Guyana,2000,38.6
Guyana,1999,39.3
Guyana,1998,40
Guyana,1997,40.8
Guyana,1996,41.6
Guyana,1995,42.3
Guyana,1994,43.2
Guyana,1993,44.2
Guyana,1992,45.1
Guyana,1991,46.1
Guyana,1990,47.1
Haiti,2013,54.7
Haiti,2012,56
Haiti,2011,57.3
Haiti,2010,72.7
Haiti,2009,59.9
Haiti,2008,61.2
Haiti,2007,62.6
Haiti,2006,64
Haiti,2005,65.5
Haiti,2004,67
Haiti,2003,68.7
Haiti,2002,70.6
Haiti,2001,72.6
Haiti,2000,74.8
Haiti,1999,77.1
Haiti,1998,79.5
Haiti,1997,82
Haiti,1996,84.6
Haiti,1995,87.2
Haiti,1994,89.8
Haiti,1993,92.4
Haiti,1992,95
Haiti,1991,97.6
Haiti,1990,100.2
Honduras,2013,18.9
Honduras,2012,19.6
Honduras,2011,20.3
Honduras,2010,21
Honduras,2009,21.9
Honduras,2008,22.7
Honduras,2007,23.6
Honduras,2006,24.6
Honduras,2005,25.5
Honduras,2004,26.5
Honduras,2003,27.6
Honduras,2002,28.8
Honduras,2001,29.9
Honduras,2000,31.1
Honduras,1999,32.4
Honduras,1998,33.6
Honduras,1997,34.9
Honduras,1996,36.3
Honduras,1995,37.6
Honduras,1994,39.1
Honduras,1993,40.6
Honduras,1992,42.2
Honduras,1991,43.9
Honduras,1990,45.7
Hungary,2013,5.2
Hungary,2012,5.3
Hungary,2011,5.5
Hungary,2010,5.7
Hungary,2009,5.9
Hungary,2008,6.2
Hungary,2007,6.5
Hungary,2006,6.8
Hungary,2005,7.2
Hungary,2004,7.5
Hungary,2003,8
Hungary,2002,8.6
Hungary,2001,9.1
Hungary,2000,9.7
Hungary,1999,10.2
Hungary,1998,10.7
Hungary,1997,11
Hungary,1996,11.5
Hungary,1995,12.1
Hungary,1994,13.1
Hungary,1993,14.1
Hungary,1992,15.2
Hungary,1991,16.3
Hungary,1990,17
Iceland,2013,1.6
Iceland,2012,1.7
Iceland,2011,1.8
Iceland,2010,1.9
Iceland,2009,1.9
Iceland,2008,2.1
Iceland,2007,2.2
Iceland,2006,2.3
Iceland,2005,2.4
Iceland,2004,2.6
Iceland,2003,2.6
Iceland,2002,2.8
Iceland,2001,3
Iceland,2000,3.1
Iceland,1999,3.3
Iceland,1998,3.5
Iceland,1997,3.7
Iceland,1996,3.9
Iceland,1995,4.1
Iceland,1994,4.3
Iceland,1993,4.5
Iceland,1992,4.7
Iceland,1991,4.9
Iceland,1990,5.1
India,2013,41.4
India,2012,42.9
India,2011,44.7
India,2010,46.4
India,2009,48.3
India,2008,50.1
India,2007,52
India,2006,53.9
India,2005,55.9
India,2004,57.9
India,2003,60
India,2002,62.1
India,2001,64.3
India,2000,66.5
India,1999,68.7
India,1998,71
India,1997,73.3
India,1996,75.5
India,1995,77.7
India,1994,79.8
India,1993,81.9
India,1992,84
India,1991,86.2
India,1990,88.4
Indonesia,2013,24.5
Indonesia,2012,25.4
Indonesia,2011,26.4
Indonesia,2010,27.4
Indonesia,2009,28.6
Indonesia,2008,29.7
Indonesia,2007,30.9
Indonesia,2006,32.2
Indonesia,2005,33.4
Indonesia,2004,34.8
Indonesia,2003,36.3
Indonesia,2002,37.8
Indonesia,2001,39.4
Indonesia,2000,41
Indonesia,1999,42.8
Indonesia,1998,44.6
Indonesia,1997,46.5
Indonesia,1996,48.5
Indonesia,1995,50.6
Indonesia,1994,52.7
Indonesia,1993,54.9
Indonesia,1992,57.2
Indonesia,1991,59.6
Indonesia,1990,62
Iran (Islamic Republic of),2013,14.4
Iran (Islamic Republic of),2012,15
Iran (Islamic Republic of),2011,15.7
Iran (Islamic Republic of),2010,16.4
Iran (Islamic Republic of),2009,17.3
Iran (Islamic Republic of),2008,18.3
Iran (Islamic Republic of),2007,19.4
Iran (Islamic Republic of),2006,20.5
Iran (Islamic Republic of),2005,21.7
Iran (Islamic Republic of),2004,23
Iran (Islamic Republic of),2003,24.3
Iran (Islamic Republic of),2002,25.7
Iran (Islamic Republic of),2001,27.1
Iran (Islamic Republic of),2000,28.6
Iran (Islamic Republic of),1999,30.1
Iran (Islamic Republic of),1998,31.6
Iran (Islamic Republic of),1997,33.1
Iran (Islamic Republic of),1996,34.6
Iran (Islamic Republic of),1995,36
Iran (Islamic Republic of),1994,37.4
Iran (Islamic Republic of),1993,38.9
Iran (Islamic Republic of),1992,40.5
Iran (Islamic Republic of),1991,42.2
Iran (Islamic Republic of),1990,44.1
Iraq,2013,28
Iraq,2012,28.8
Iraq,2011,29.4
Iraq,2010,30.1
Iraq,2009,30.7
Iraq,2008,31.3
Iraq,2007,31.9
Iraq,2006,32.5
Iraq,2005,33
Iraq,2004,33.6
Iraq,2003,34.1
Iraq,2002,34.6
Iraq,2001,35.2
Iraq,2000,35.7
Iraq,1999,36.3
Iraq,1998,36.9
Iraq,1997,37.5
Iraq,1996,38.1
Iraq,1995,38.7
Iraq,1994,39.3
Iraq,1993,39.9
Iraq,1992,40.5
Iraq,1991,41.1
Iraq,1990,41.8
Ireland,2013,3.2
Ireland,2012,3.3
Ireland,2011,3.4
Ireland,2010,3.5
Ireland,2009,3.6
Ireland,2008,3.7
Ireland,2007,3.9
Ireland,2006,4.1
Ireland,2005,4.4
Ireland,2004,4.7
Ireland,2003,5.1
Ireland,2002,5.4
Ireland,2001,5.8
Ireland,2000,6
Ireland,1999,6.1
Ireland,1998,6.1
Ireland,1997,6.1
Ireland,1996,6.1
Ireland,1995,6.1
Ireland,1994,6.2
Ireland,1993,6.4
Ireland,1992,6.8
Ireland,1991,7.2
Ireland,1990,7.7
Israel,2013,3.2
Israel,2012,3.3
Israel,2011,3.4
Israel,2010,3.6
Israel,2009,3.8
Israel,2008,3.9
Israel,2007,4.1
Israel,2006,4.3
Israel,2005,4.5
Israel,2004,4.8
Israel,2003,4.9
Israel,2002,5.2
Israel,2001,5.4
Israel,2000,5.6
Israel,1999,5.9
Israel,1998,6.1
Israel,1997,6.4
Israel,1996,6.7
Israel,1995,7.2
Israel,1994,7.6
Israel,1993,8.1
Israel,1992,8.7
Israel,1991,9.2
Israel,1990,9.7
Italy,2013,3
Italy,2012,3.1
Italy,2011,3.3
Italy,2010,3.4
Italy,2009,3.5
Italy,2008,3.5
Italy,2007,3.6
Italy,2006,3.7
Italy,2005,3.7
Italy,2004,3.8
Italy,2003,4
Italy,2002,4.3
Italy,2001,4.4
Italy,2000,4.7
Italy,1999,5
Italy,1998,5.3
Italy,1997,5.6
Italy,1996,6
Italy,1995,6.4
Italy,1994,6.9
Italy,1993,7.3
Italy,1992,7.7
Italy,1991,8
Italy,1990,8.3
Jamaica,2013,14.3
Jamaica,2012,14.8
Jamaica,2011,15.2
Jamaica,2010,15.7
Jamaica,2009,16.1
Jamaica,2008,16.6
Jamaica,2007,17.1
Jamaica,2006,17.5
Jamaica,2005,18
Jamaica,2004,18.4
Jamaica,2003,18.9
Jamaica,2002,19.3
Jamaica,2001,19.7
Jamaica,2000,20.1
Jamaica,1999,20.5
Jamaica,1998,21
Jamaica,1997,21.4
Jamaica,1996,21.8
Jamaica,1995,22.2
Jamaica,1994,22.7
Jamaica,1993,23.2
Jamaica,1992,23.7
Jamaica,1991,24.3
Jamaica,1990,24.9
Japan,2013,2.1
Japan,2012,2.2
Japan,2011,2.3
Japan,2010,2.4
Japan,2009,2.4
Japan,2008,2.5
Japan,2007,2.6
Japan,2006,2.7
Japan,2005,2.7
Japan,2004,2.9
Japan,2003,2.9
Japan,2002,3
Japan,2001,3.1
Japan,2000,3.3
Japan,1999,3.4
Japan,1998,3.6
Japan,1997,3.8
Japan,1996,4
Japan,1995,4.1
Japan,1994,4.3
Japan,1993,4.3
Japan,1992,4.4
Japan,1991,4.5
Japan,1990,4.6
Jordan,2013,16
Jordan,2012,16.5
Jordan,2011,17
Jordan,2010,17.5
Jordan,2009,18
Jordan,2008,18.5
Jordan,2007,19.1
Jordan,2006,19.7
Jordan,2005,20.2
Jordan,2004,20.8
Jordan,2003,21.5
Jordan,2002,22.1
Jordan,2001,22.7
Jordan,2000,23.3
Jordan,1999,23.9
Jordan,1998,24.5
Jordan,1997,25.1
Jordan,1996,25.7
Jordan,1995,26.3
Jordan,1994,27
Jordan,1993,27.7
Jordan,1992,28.4
Jordan,1991,29.2
Jordan,1990,30
Kazakhstan,2013,14.6
Kazakhstan,2012,16
Kazakhstan,2011,17.6
Kazakhstan,2010,19.3
Kazakhstan,2009,21.1
Kazakhstan,2008,23
Kazakhstan,2007,24.9
Kazakhstan,2006,26.7
Kazakhstan,2005,28.5
Kazakhstan,2004,30.3
Kazakhstan,2003,32
Kazakhstan,2002,33.9
Kazakhstan,2001,35.7
Kazakhstan,2000,37.5
Kazakhstan,1999,39.4
Kazakhstan,1998,41.1
Kazakhstan,1997,42.8
Kazakhstan,1996,44
Kazakhstan,1995,44.8
Kazakhstan,1994,45
Kazakhstan,1993,45
Kazakhstan,1992,44.7
Kazakhstan,1991,44.5
Kazakhstan,1990,44.7
Kenya,2013,47.5
Kenya,2012,48.8
Kenya,2011,50
Kenya,2010,52
Kenya,2009,54
Kenya,2008,55.5
Kenya,2007,57.7
Kenya,2006,59.4
Kenya,2005,61.3
Kenya,2004,63.1
Kenya,2003,64.7
Kenya,2002,66.2
Kenya,2001,67.5
Kenya,2000,68.6
Kenya,1999,69.6
Kenya,1998,70.3
Kenya,1997,70.8
Kenya,1996,70.9
Kenya,1995,70.4
Kenya,1994,69.5
Kenya,1993,68.2
Kenya,1992,66.7
Kenya,1991,65.2
Kenya,1990,63.9
Kiribati,2013,45.1
Kiribati,2012,46.1
Kiribati,2011,47
Kiribati,2010,48
Kiribati,2009,48.8
Kiribati,2008,49.3
Kiribati,2007,49.6
Kiribati,2006,49.8
Kiribati,2005,50.1
Kiribati,2004,50.4
Kiribati,2003,50.9
Kiribati,2002,51.6
Kiribati,2001,52.5
Kiribati,2000,53.5
Kiribati,1999,54.7
Kiribati,1998,56
Kiribati,1997,57.3
Kiribati,1996,58.7
Kiribati,1995,60
Kiribati,1994,61.4
Kiribati,1993,63
Kiribati,1992,64.7
Kiribati,1991,66.7
Kiribati,1990,69.1
"Korea, Democratic People's Republic of",2013,21.7
"Korea, Democratic People's Republic of",2012,22.7
"Korea, Democratic People's Republic of",2011,23.8
"Korea, Democratic People's Republic of",2010,24.8
"Korea, Democratic People's Republic of",2009,25.4
"Korea, Democratic People's Republic of",2008,25.8
"Korea, Democratic People's Republic of",2007,25.8
"Korea, Democratic People's Republic of",2006,25.8
"Korea, Democratic People's Republic of",2005,26.2
"Korea, Democratic People's Republic of",2004,27.5
"Korea, Democratic People's Republic of",2003,30.2
"Korea, Democratic People's Republic of",2002,34.1
"Korea, Democratic People's Republic of",2001,39.1
"Korea, Democratic People's Republic of",2000,44.5
"Korea, Democratic People's Republic of",1999,49.4
"Korea, Democratic People's Republic of",1998,53.1
"Korea, Democratic People's Republic of",1997,55
"Korea, Democratic People's Republic of",1996,55.1
"Korea, Democratic People's Republic of",1995,53.2
"Korea, Democratic People's Republic of",1994,49.8
"Korea, Democratic People's Republic of",1993,45.5
"Korea, Democratic People's Republic of",1992,41.1
"Korea, Democratic People's Republic of",1991,36.9
"Korea, Democratic People's Republic of",1990,33.4
"Korea, Republic of",2013,3.2
"Korea, Republic of",2012,3.3
"Korea, Republic of",2011,3.4
"Korea, Republic of",2010,3.5
"Korea, Republic of",2009,3.7
"Korea, Republic of",2008,3.9
"Korea, Republic of",2007,4.1
"Korea, Republic of",2006,4.5
"Korea, Republic of",2005,4.8
"Korea, Republic of",2004,5.2
"Korea, Republic of",2003,5.4
"Korea, Republic of",2002,5.6
"Korea, Republic of",2001,5.5
"Korea, Republic of",2000,5.2
"Korea, Republic of",1999,4.9
"Korea, Republic of",1998,4.7
"Korea, Republic of",1997,4.5
"Korea, Republic of",1996,4.6
"Korea, Republic of",1995,4.7
"Korea, Republic of",1994,4.9
"Korea, Republic of",1993,5.2
"Korea, Republic of",1992,5.5
"Korea, Republic of",1991,5.8
"Korea, Republic of",1990,6.1
Kuwait,2013,8.1
Kuwait,2012,8.5
Kuwait,2011,8.9
Kuwait,2010,9.2
Kuwait,2009,9.5
Kuwait,2008,9.7
Kuwait,2007,9.9
Kuwait,2006,10
Kuwait,2005,10.1
Kuwait,2004,10.3
Kuwait,2003,10.4
Kuwait,2002,10.6
Kuwait,2001,10.8
Kuwait,2000,11
Kuwait,1999,11.2
Kuwait,1998,11.5
Kuwait,1997,11.8
Kuwait,1996,12.1
Kuwait,1995,12.3
Kuwait,1994,12.5
Kuwait,1993,12.8
Kuwait,1992,13.1
Kuwait,1991,13.6
Kuwait,1990,14.4
Kyrgyzstan,2013,21.6
Kyrgyzstan,2012,23.2
Kyrgyzstan,2011,24.9
Kyrgyzstan,2010,26.7
Kyrgyzstan,2009,28.5
Kyrgyzstan,2008,30.2
Kyrgyzstan,2007,31.7
Kyrgyzstan,2006,33.1
Kyrgyzstan,2005,34.4
Kyrgyzstan,2004,35.7
Kyrgyzstan,2003,37.1
Kyrgyzstan,2002,38.6
Kyrgyzstan,2001,40.3
Kyrgyzstan,2000,42
Kyrgyzstan,1999,43.8
Kyrgyzstan,1998,45.7
Kyrgyzstan,1997,47.6
Kyrgyzstan,1996,49.4
Kyrgyzstan,1995,51.1
Kyrgyzstan,1994,52.5
Kyrgyzstan,1993,53.4
Kyrgyzstan,1992,53.9
Kyrgyzstan,1991,54.2
Kyrgyzstan,1990,54.5
Lao People's Democratic Republic,2013,53.8
Lao People's Democratic Republic,2012,55.4
Lao People's Democratic Republic,2011,57.1
Lao People's Democratic Republic,2010,59
Lao People's Democratic Republic,2009,61.1
Lao People's Democratic Republic,2008,63.2
Lao People's Democratic Republic,2007,65.4
Lao People's Democratic Republic,2006,67.7
Lao People's Democratic Republic,2005,70
Lao People's Democratic Republic,2004,72.5
Lao People's Democratic Republic,2003,75
Lao People's Democratic Republic,2002,77.6
Lao People's Democratic Republic,2001,80.3
Lao People's Democratic Republic,2000,83
Lao People's Democratic Republic,1999,85.7
Lao People's Democratic Republic,1998,88.4
Lao People's Democratic Republic,1997,91.2
Lao People's Democratic Republic,1996,94.1
Lao People's Democratic Republic,1995,97
Lao People's Democratic Republic,1994,100
Lao People's Democratic Republic,1993,102.8
Lao People's Democratic Republic,1992,105.7
Lao People's Democratic Republic,1991,108.3
Lao People's Democratic Republic,1990,110.9
Latvia,2013,7.4
Latvia,2012,7.6
Latvia,2011,7.8
Latvia,2010,8.2
Latvia,2009,8.6
Latvia,2008,9.1
Latvia,2007,9.6
Latvia,2006,10.1
Latvia,2005,10.8
Latvia,2004,11.5
Latvia,2003,12.2
Latvia,2002,12.8
Latvia,2001,13.6
Latvia,2000,14.5
Latvia,1999,15.7
Latvia,1998,16.9
Latvia,1997,18.1
Latvia,1996,19.1
Latvia,1995,19.7
Latvia,1994,19.9
Latvia,1993,19.6
Latvia,1992,19.1
Latvia,1991,18
Latvia,1990,16.6
Lebanon,2013,7.8
Lebanon,2012,8.1
Lebanon,2011,8.5
Lebanon,2010,8.9
Lebanon,2009,9.4
Lebanon,2008,9.9
Lebanon,2007,10.6
Lebanon,2006,11.4
Lebanon,2005,12.3
Lebanon,2004,13.2
Lebanon,2003,14.2
Lebanon,2002,15.2
Lebanon,2001,16.1
Lebanon,2000,17.1
Lebanon,1999,18
Lebanon,1998,19
Lebanon,1997,19.9
Lebanon,1996,20.8
Lebanon,1995,21.7
Lebanon,1994,22.6
Lebanon,1993,23.5
Lebanon,1992,24.6
Lebanon,1991,25.6
Lebanon,1990,26.8
Lesotho,2013,73
Lesotho,2012,74.2
Lesotho,2011,72.8
Lesotho,2010,76.9
Lesotho,2009,79.5
Lesotho,2008,82.4
Lesotho,2007,82
Lesotho,2006,84.2
Lesotho,2005,84.5
Lesotho,2004,84
Lesotho,2003,83.3
Lesotho,2002,82.4
Lesotho,2001,81.6
Lesotho,2000,80.6
Lesotho,1999,79.4
Lesotho,1998,78.1
Lesotho,1997,76.4
Lesotho,1996,74.5
Lesotho,1995,72.6
Lesotho,1994,71
Lesotho,1993,69.8
Lesotho,1992,69.2
Lesotho,1991,69.1
Lesotho,1990,69.5
Liberia,2013,53.6
Liberia,2012,55.6
Liberia,2011,57.9
Liberia,2010,60.4
Liberia,2009,63.5
Liberia,2008,67.3
Liberia,2007,71.7
Liberia,2006,77.1
Liberia,2005,83.2
Liberia,2004,89.8
Liberia,2003,96.8
Liberia,2002,104.1
Liberia,2001,111.5
Liberia,2000,118.9
Liberia,1999,126.4
Liberia,1998,133.7
Liberia,1997,140.7
Liberia,1996,147.1
Liberia,1995,153
Liberia,1994,158
Liberia,1993,162
Liberia,1992,164.6
Liberia,1991,165.8
Liberia,1990,165.3
Libyan Arab Jamahiriya,2013,12.4
Libyan Arab Jamahiriya,2012,13
Libyan Arab Jamahiriya,2011,13.6
Libyan Arab Jamahiriya,2010,14.3
Libyan Arab Jamahiriya,2009,15.1
Libyan Arab Jamahiriya,2008,16.1
Libyan Arab Jamahiriya,2007,17.3
Libyan Arab Jamahiriya,2006,18.6
Libyan Arab Jamahiriya,2005,19.8
Libyan Arab Jamahiriya,2004,20.9
Libyan Arab Jamahiriya,2003,21.9
Libyan Arab Jamahiriya,2002,22.8
Libyan Arab Jamahiriya,2001,23.6
Libyan Arab Jamahiriya,2000,24.4
Libyan Arab Jamahiriya,1999,25.2
Libyan Arab Jamahiriya,1998,26.1
Libyan Arab Jamahiriya,1997,27
Libyan Arab Jamahiriya,1996,28
Libyan Arab Jamahiriya,1995,29.1
Libyan Arab Jamahiriya,1994,30.2
Libyan Arab Jamahiriya,1993,31.5
Libyan Arab Jamahiriya,1992,32.9
Libyan Arab Jamahiriya,1991,34.5
Libyan Arab Jamahiriya,1990,36.2
Liechtenstein,2013,
Liechtenstein,2012,
Liechtenstein,2011,
Liechtenstein,2010,
Liechtenstein,2009,
Liechtenstein,2008,
Liechtenstein,2007,
Liechtenstein,2006,
Liechtenstein,2005,
Liechtenstein,2004,
Liechtenstein,2003,
Liechtenstein,2002,
Liechtenstein,2001,
Liechtenstein,2000,
Liechtenstein,1999,
Liechtenstein,1998,
Liechtenstein,1997,
Liechtenstein,1996,
Liechtenstein,1995,
Liechtenstein,1994,
Liechtenstein,1993,
Liechtenstein,1992,
Liechtenstein,1991,
Liechtenstein,1990,
Lithuania,2013,4
Lithuania,2012,4.5
Lithuania,2011,5
Lithuania,2010,5.5
Lithuania,2009,6.1
Lithuania,2008,6.7
Lithuania,2007,7.2
Lithuania,2006,7.7
Lithuania,2005,8.1
Lithuania,2004,8.4
Lithuania,2003,8.6
Lithuania,2002,8.9
Lithuania,2001,9.2
Lithuania,2000,9.6
Lithuania,1999,10
Lithuania,1998,10.4
Lithuania,1997,11
Lithuania,1996,12
Lithuania,1995,13.5
Lithuania,1994,14.9
Lithuania,1993,16
Lithuania,1992,16.1
Lithuania,1991,14.9
Lithuania,1990,13.4
Luxembourg,2013,1.6
Luxembourg,2012,1.7
Luxembourg,2011,1.8
Luxembourg,2010,1.9
Luxembourg,2009,2
Luxembourg,2008,2.2
Luxembourg,2007,2.4
Luxembourg,2006,2.6
Luxembourg,2005,2.8
Luxembourg,2004,3
Luxembourg,2003,3.2
Luxembourg,2002,3.4
Luxembourg,2001,3.7
Luxembourg,2000,3.9
Luxembourg,1999,4.1
Luxembourg,1998,4.4
Luxembourg,1997,4.6
Luxembourg,1996,4.9
Luxembourg,1995,5.2
Luxembourg,1994,5.6
Luxembourg,1993,6
Luxembourg,1992,6.4
Luxembourg,1991,6.8
Luxembourg,1990,7.3
Madagascar,2013,39.6
Madagascar,2012,40.8
Madagascar,2011,42.2
Madagascar,2010,43.6
Madagascar,2009,45.2
Madagascar,2008,47
Madagascar,2007,49.2
Madagascar,2006,51.7
Madagascar,2005,54.5
Madagascar,2004,57.5
Madagascar,2003,60.5
Madagascar,2002,63.7
Madagascar,2001,67
Madagascar,2000,70.5
Madagascar,1999,74
Madagascar,1998,77.5
Madagascar,1997,80.8
Madagascar,1996,83.9
Madagascar,1995,86.5
Madagascar,1994,88.9
Madagascar,1993,90.9
Madagascar,1992,93
Madagascar,1991,95.4
Madagascar,1990,98.1
Malawi,2013,44.2
Malawi,2012,45.7
Malawi,2011,49
Malawi,2010,52.5
Malawi,2009,55.4
Malawi,2008,59
Malawi,2007,63.6
Malawi,2006,68.1
Malawi,2005,73.1
Malawi,2004,78.4
Malawi,2003,84.3
Malawi,2002,90.4
Malawi,2001,96.8
Malawi,2000,103
Malawi,1999,108.6
Malawi,1998,113.5
Malawi,1997,117.7
Malawi,1996,121.4
Malawi,1995,124.9
Malawi,1994,128.5
Malawi,1993,132.1
Malawi,1992,135.9
Malawi,1991,139.6
Malawi,1990,143.4
Malaysia,2013,7.2
Malaysia,2012,7.3
Malaysia,2011,7.3
Malaysia,2010,7.2
Malaysia,2009,7.1
Malaysia,2008,7
Malaysia,2007,6.9
Malaysia,2006,6.9
Malaysia,2005,7
Malaysia,2004,7.1
Malaysia,2003,7.3
Malaysia,2002,7.6
Malaysia,2001,8.1
Malaysia,2000,8.7
Malaysia,1999,9.4
Malaysia,1998,10.1
Malaysia,1997,10.7
Malaysia,1996,11.1
Malaysia,1995,11.5
Malaysia,1994,11.9
Malaysia,1993,12.4
Malaysia,1992,13
Malaysia,1991,13.6
Malaysia,1990,14.3
Maldives,2013,8.4
Maldives,2012,9.2
Maldives,2011,10.1
Maldives,2010,11.2
Maldives,2009,12.4
Maldives,2008,13.7
Maldives,2007,15.3
Maldives,2006,17.2
Maldives,2005,19.3
Maldives,2004,21.9
Maldives,2003,24.8
Maldives,2002,28
Maldives,2001,31.5
Maldives,2000,35.2
Maldives,1999,38.9
Maldives,1998,42.6
Maldives,1997,46.2
Maldives,1996,49.6
Maldives,1995,52.8
Maldives,1994,56
Maldives,1993,59
Maldives,1992,61.9
Maldives,1991,64.9
Maldives,1990,67.8
Mali,2013,77.6
Mali,2012,79.4
Mali,2011,81.1
Mali,2010,83.1
Mali,2009,85.2
Mali,2008,87.6
Mali,2007,90.3
Mali,2006,93.4
Mali,2005,96.9
Mali,2004,100.8
Mali,2003,104.9
Mali,2002,109
Mali,2001,112.8
Mali,2000,116.2
Mali,1999,119
Mali,1998,121.2
Mali,1997,122.6
Mali,1996,123.7
Mali,1995,124.6
Mali,1994,125.3
Mali,1993,126.1
Mali,1992,127.2
Mali,1991,128.7
Mali,1990,130.5
Malta,2013,5.3
Malta,2012,5.4
Malta,2011,5.4
Malta,2010,5.5
Malta,2009,5.6
Malta,2008,5.7
Malta,2007,5.8
Malta,2006,5.9
Malta,2005,6
Malta,2004,6.1
Malta,2003,6.2
Malta,2002,6.4
Malta,2001,6.5
Malta,2000,6.8
Malta,1999,7.1
Malta,1998,7.3
Malta,1997,7.6
Malta,1996,8
Malta,1995,8.3
Malta,1994,8.7
Malta,1993,8.9
Malta,1992,9.3
Malta,1991,9.7
Malta,1990,10
Marshall Islands,2013,30.6
Marshall Islands,2012,31.1
Marshall Islands,2011,31.5
Marshall Islands,2010,31.7
Marshall Islands,2009,31.9
Marshall Islands,2008,32.1
Marshall Islands,2007,32.3
Marshall Islands,2006,32.5
Marshall Islands,2005,32.7
Marshall Islands,2004,32.9
Marshall Islands,2003,33.1
Marshall Islands,2002,33.3
Marshall Islands,2001,33.4
Marshall Islands,2000,33.5
Marshall Islands,1999,33.5
Marshall Islands,1998,33.5
Marshall Islands,1997,33.5
Marshall Islands,1996,33.7
Marshall Islands,1995,34
Marshall Islands,1994,34.6
Marshall Islands,1993,35.5
Marshall Islands,1992,36.6
Marshall Islands,1991,37.8
Marshall Islands,1990,39.2
Mauritania,2013,67.1
Mauritania,2012,68.2
Mauritania,2011,69.2
Mauritania,2010,70.2
Mauritania,2009,71.2
Mauritania,2008,72.2
Mauritania,2007,73.2
Mauritania,2006,74
Mauritania,2005,74.8
Mauritania,2004,75.3
Mauritania,2003,75.6
Mauritania,2002,75.8
Mauritania,2001,75.9
Mauritania,2000,76
Mauritania,1999,76.1
Mauritania,1998,76.1
Mauritania,1997,76.1
Mauritania,1996,76.1
Mauritania,1995,76.1
Mauritania,1994,76.1
Mauritania,1993,76.3
Mauritania,1992,76.6
Mauritania,1991,77.1
Mauritania,1990,77.8
Mauritius,2013,12.5
Mauritius,2012,12.8
Mauritius,2011,13
Mauritius,2010,13.3
Mauritius,2009,13.6
Mauritius,2008,13.9
Mauritius,2007,14
Mauritius,2006,14
Mauritius,2005,13.8
Mauritius,2004,13.7
Mauritius,2003,13.7
Mauritius,2002,14.2
Mauritius,2001,15.1
Mauritius,2000,16.4
Mauritius,1999,17.8
Mauritius,1998,19
Mauritius,1997,19.8
Mauritius,1996,19.9
Mauritius,1995,19.4
Mauritius,1994,18.9
Mauritius,1993,18.5
Mauritius,1992,18.4
Mauritius,1991,18.8
Mauritius,1990,19.9
Mexico,2013,12.5
Mexico,2012,13.1
Mexico,2011,13.8
Mexico,2010,14.4
Mexico,2009,14.9
Mexico,2008,15.4
Mexico,2007,15.8
Mexico,2006,16.2
Mexico,2005,16.7
Mexico,2004,17.4
Mexico,2003,18.2
Mexico,2002,19.3
Mexico,2001,20.4
Mexico,2000,21.6
Mexico,1999,22.9
Mexico,1998,24.3
Mexico,1997,25.7
Mexico,1996,27.2
Mexico,1995,28.8
Mexico,1994,30.3
Mexico,1993,31.9
Mexico,1992,33.6
Mexico,1991,35.3
Mexico,1990,37
"Micronesia, Federated States of",2013,29.8
"Micronesia, Federated States of",2012,30.7
"Micronesia, Federated States of",2011,31.6
"Micronesia, Federated States of",2010,32.5
"Micronesia, Federated States of",2009,33.4
"Micronesia, Federated States of",2008,34.4
"Micronesia, Federated States of",2007,35.4
"Micronesia, Federated States of",2006,36.3
"Micronesia, Federated States of",2005,37.2
"Micronesia, Federated States of",2004,38.1
"Micronesia, Federated States of",2003,39.1
"Micronesia, Federated States of",2002,40
"Micronesia, Federated States of",2001,40.9
"Micronesia, Federated States of",2000,41.6
"Micronesia, Federated States of",1999,42.4
"Micronesia, Federated States of",1998,42.9
"Micronesia, Federated States of",1997,43.2
"Micronesia, Federated States of",1996,43.2
"Micronesia, Federated States of",1995,43.1
"Micronesia, Federated States of",1994,43
"Micronesia, Federated States of",1993,42.9
"Micronesia, Federated States of",1992,42.9
"Micronesia, Federated States of",1991,42.9
"Micronesia, Federated States of",1990,43.2
Monaco,2013,3
Monaco,2012,3.1
Monaco,2011,3.2
Monaco,2010,3.2
Monaco,2009,3.3
Monaco,2008,3.4
Monaco,2007,3.5
Monaco,2006,3.6
Monaco,2005,3.7
Monaco,2004,3.7
Monaco,2003,3.8
Monaco,2002,4
Monaco,2001,4.1
Monaco,2000,4.2
Monaco,1999,4.3
Monaco,1998,4.5
Monaco,1997,4.7
Monaco,1996,4.9
Monaco,1995,5.1
Monaco,1994,5.3
Monaco,1993,5.5
Monaco,1992,5.8
Monaco,1991,6
Monaco,1990,6.3
Mongolia,2013,26.4
Mongolia,2012,27.2
Mongolia,2011,28.2
Mongolia,2010,29.3
Mongolia,2009,30.4
Mongolia,2008,31.7
Mongolia,2007,33.2
Mongolia,2006,35
Mongolia,2005,37
Mongolia,2004,39.2
Mongolia,2003,41.6
Mongolia,2002,44.1
Mongolia,2001,46.7
Mongolia,2000,49.4
Mongolia,1999,52
Mongolia,1998,54.7
Mongolia,1997,57.3
Mongolia,1996,60
Mongolia,1995,62.7
Mongolia,1994,65.4
Mongolia,1993,68.1
Mongolia,1992,70.9
Mongolia,1991,73.9
Mongolia,1990,77
Montenegro,2013,4.9
Montenegro,2012,5.3
Montenegro,2011,5.7
Montenegro,2010,6.3
Montenegro,2009,6.9
Montenegro,2008,7.4
Montenegro,2007,8.2
Montenegro,2006,8.8
Montenegro,2005,9.5
Montenegro,2004,10.1
Montenegro,2003,10.8
Montenegro,2002,11.4
Montenegro,2001,12
Montenegro,2000,12.5
Montenegro,1999,12.9
Montenegro,1998,13.2
Montenegro,1997,13.4
Montenegro,1996,13.6
Montenegro,1995,13.6
Montenegro,1994,13.7
Montenegro,1993,13.9
Montenegro,1992,14
Montenegro,1991,14.4
Montenegro,1990,15
Morocco,2013,26.1
Morocco,2012,27.1
Morocco,2011,28.1
Morocco,2010,29.2
Morocco,2009,30.3
Morocco,2008,31.4
Morocco,2007,32.6
Morocco,2006,33.8
Morocco,2005,35.2
Morocco,2004,36.5
Morocco,2003,37.9
Morocco,2002,39.5
Morocco,2001,41.1
Morocco,2000,42.8
Morocco,1999,44.5
Morocco,1998,46.3
Morocco,1997,48.2
Morocco,1996,50.2
Morocco,1995,52.3
Morocco,1994,54.5
Morocco,1993,56.6
Morocco,1992,58.9
Morocco,1991,61.1
Morocco,1990,63.5
Mozambique,2013,61.5
Mozambique,2012,63.6
Mozambique,2011,67.8
Mozambique,2010,71.8
Mozambique,2009,74.3
Mozambique,2008,78.1
Mozambique,2007,81.5
Mozambique,2006,86.6
Mozambique,2005,90.5
Mozambique,2004,94.6
Mozambique,2003,98.9
Mozambique,2002,103.6
Mozambique,2001,108.5
Mozambique,2000,113.8
Mozambique,1999,119.4
Mozambique,1998,125.1
Mozambique,1997,131
Mozambique,1996,136.7
Mozambique,1995,141.8
Mozambique,1994,146.2
Mozambique,1993,149.8
Mozambique,1992,153
Mozambique,1991,155.8
Mozambique,1990,158
Myanmar,2013,39.8
Myanmar,2012,41
Myanmar,2011,42.4
Myanmar,2010,43.7
Myanmar,2009,44.9
Myanmar,2008,46.3
Myanmar,2007,47.8
Myanmar,2006,49.3
Myanmar,2005,50.8
Myanmar,2004,52.4
Myanmar,2003,54
Myanmar,2002,55.6
Myanmar,2001,57.3
Myanmar,2000,58.9
Myanmar,1999,60.7
Myanmar,1998,62.4
Myanmar,1997,64.2
Myanmar,1996,66
Myanmar,1995,67.9
Myanmar,1994,69.8
Myanmar,1993,71.7
Myanmar,1992,73.6
Myanmar,1991,75.5
Myanmar,1990,77.5
Namibia,2013,35.2
Namibia,2012,35.6
Namibia,2011,36.1
Namibia,2010,37.5
Namibia,2009,39.1
Namibia,2008,40.9
Namibia,2007,42.3
Namibia,2006,43.6
Namibia,2005,45.7
Namibia,2004,48.3
Namibia,2003,49
Namibia,2002,49.3
Namibia,2001,49.4
Namibia,2000,49.3
Namibia,1999,48.9
Namibia,1998,48.3
Namibia,1997,47.8
Namibia,1996,47.4
Namibia,1995,47.2
Namibia,1994,47.1
Namibia,1993,47.4
Namibia,1992,47.8
Namibia,1991,48.6
Namibia,1990,49.6
Nauru,2013,29.9
Nauru,2012,30.6
Nauru,2011,31.1
Nauru,2010,31.6
Nauru,2009,31.8
Nauru,2008,31.9
Nauru,2007,31.7
Nauru,2006,31.5
Nauru,2005,31.4
Nauru,2004,31.5
Nauru,2003,31.7
Nauru,2002,32.1
Nauru,2001,32.7
Nauru,2000,33.4
Nauru,1999,34.2
Nauru,1998,35.1
Nauru,1997,36.1
Nauru,1996,37.2
Nauru,1995,38.4
Nauru,1994,39.6
Nauru,1993,40.8
Nauru,1992,42
Nauru,1991,43.3
Nauru,1990,44.7
Nepal,2013,32.2
Nepal,2012,33.4
Nepal,2011,34.7
Nepal,2010,36.2
Nepal,2009,37.9
Nepal,2008,39.8
Nepal,2007,41.9
Nepal,2006,44.1
Nepal,2005,46.5
Nepal,2004,49
Nepal,2003,51.6
Nepal,2002,54.4
Nepal,2001,57.3
Nepal,2000,60.4
Nepal,1999,63.7
Nepal,1998,67.1
Nepal,1997,70.6
Nepal,1996,74.2
Nepal,1995,77.9
Nepal,1994,81.8
Nepal,1993,85.8
Nepal,1992,90
Nepal,1991,94.3
Nepal,1990,98.8
Netherlands,2013,3.3
Netherlands,2012,3.5
Netherlands,2011,3.6
Netherlands,2010,3.7
Netherlands,2009,3.8
Netherlands,2008,4
Netherlands,2007,4.2
Netherlands,2006,4.3
Netherlands,2005,4.5
Netherlands,2004,4.6
Netherlands,2003,4.7
Netherlands,2002,4.9
Netherlands,2001,5
Netherlands,2000,5.1
Netherlands,1999,5.2
Netherlands,1998,5.3
Netherlands,1997,5.3
Netherlands,1996,5.5
Netherlands,1995,5.7
Netherlands,1994,5.8
Netherlands,1993,6.1
Netherlands,1992,6.3
Netherlands,1991,6.5
Netherlands,1990,6.8
New Zealand,2013,5.2
New Zealand,2012,5.3
New Zealand,2011,5.3
New Zealand,2010,5.3
New Zealand,2009,5.3
New Zealand,2008,5.3
New Zealand,2007,5.3
New Zealand,2006,5.3
New Zealand,2005,5.4
New Zealand,2004,5.5
New Zealand,2003,5.6
New Zealand,2002,5.8
New Zealand,2001,5.9
New Zealand,2000,6.1
New Zealand,1999,6.2
New Zealand,1998,6.4
New Zealand,1997,6.6
New Zealand,1996,6.9
New Zealand,1995,7.1
New Zealand,1994,7.5
New Zealand,1993,7.8
New Zealand,1992,8.2
New Zealand,1991,8.6
New Zealand,1990,9.2
Nicaragua,2013,20
Nicaragua,2012,20.6
Nicaragua,2011,21.3
Nicaragua,2010,22
Nicaragua,2009,22.8
Nicaragua,2008,23.5
Nicaragua,2007,24.4
Nicaragua,2006,25.3
Nicaragua,2005,26.3
Nicaragua,2004,27.4
Nicaragua,2003,28.6
Nicaragua,2002,29.8
Nicaragua,2001,31.1
Nicaragua,2000,32.6
Nicaragua,1999,34.2
Nicaragua,1998,35.9
Nicaragua,1997,37.7
Nicaragua,1996,39.5
Nicaragua,1995,41.4
Nicaragua,1994,43.3
Nicaragua,1993,45.2
Nicaragua,1992,47.1
Nicaragua,1991,49
Nicaragua,1990,50.8
Niger,2013,59.9
Niger,2012,61.6
Niger,2011,63.7
Niger,2010,66.1
Niger,2009,68.8
Niger,2008,71.9
Niger,2007,75.2
Niger,2006,78.7
Niger,2005,82.4
Niger,2004,86.3
Niger,2003,90.2
Niger,2002,94.1
Niger,2001,97.7
Niger,2000,101
Niger,1999,104.2
Niger,1998,107.5
Niger,1997,111.1
Niger,1996,115.1
Niger,1995,119.6
Niger,1994,124.2
Niger,1993,128.5
Niger,1992,132.2
Niger,1991,135.3
Niger,1990,137.7
Nigeria,2013,74.3
Nigeria,2012,76.6
Nigeria,2011,79.2
Nigeria,2010,81.9
Nigeria,2009,84.7
Nigeria,2008,87.7
Nigeria,2007,90.8
Nigeria,2006,93.9
Nigeria,2005,97.1
Nigeria,2004,100.2
Nigeria,2003,103.3
Nigeria,2002,106.4
Nigeria,2001,109.5
Nigeria,2000,112.5
Nigeria,1999,115.3
Nigeria,1998,118
Nigeria,1997,120.4
Nigeria,1996,122.3
Nigeria,1995,123.7
Nigeria,1994,124.7
Nigeria,1993,125.3
Nigeria,1992,125.8
Nigeria,1991,126.1
Nigeria,1990,126.3
Niue,2013,20.7
Niue,2012,21.3
Niue,2011,21.9
Niue,2010,22.3
Niue,2009,22.8
Niue,2008,23.2
Niue,2007,23.4
Niue,2006,23.5
Niue,2005,23.5
Niue,2004,23.1
Niue,2003,22.6
Niue,2002,21.7
Niue,2001,20.7
Niue,2000,19.7
Niue,1999,18.8
Niue,1998,17.9
Niue,1997,17
Niue,1996,16.2
Niue,1995,15.4
Niue,1994,14.7
Niue,1993,13.9
Niue,1992,13.2
Niue,1991,12.6
Niue,1990,11.9
Norway,2013,2.3
Norway,2012,2.3
Norway,2011,2.5
Norway,2010,2.6
Norway,2009,2.7
Norway,2008,2.9
Norway,2007,3
Norway,2006,3.1
Norway,2005,3.2
Norway,2004,3.4
Norway,2003,3.5
Norway,2002,3.6
Norway,2001,3.8
Norway,2000,3.9
Norway,1999,4
Norway,1998,4.1
Norway,1997,4.2
Norway,1996,4.4
Norway,1995,4.6
Norway,1994,4.9
Norway,1993,5.3
Norway,1992,5.8
Norway,1991,6.4
Norway,1990,7
Oman,2013,9.8
Oman,2012,9.9
Oman,2011,10
Oman,2010,10
Oman,2009,10.1
Oman,2008,10.2
Oman,2007,10.4
Oman,2006,10.7
Oman,2005,11
Oman,2004,11.4
Oman,2003,11.9
Oman,2002,12.6
Oman,2001,13.3
Oman,2000,14.2
Oman,1999,15.3
Oman,1998,16.4
Oman,1997,17.6
Oman,1996,19.1
Oman,1995,20.6
Oman,1994,22.4
Oman,1993,24.5
Oman,1992,26.7
Oman,1991,29.2
Oman,1990,31.9
Pakistan,2013,69
Pakistan,2012,70.6
Pakistan,2011,72.1
Pakistan,2010,73.4
Pakistan,2009,74.8
Pakistan,2008,76.1
Pakistan,2007,77.5
Pakistan,2006,78.8
Pakistan,2005,80.1
Pakistan,2004,81.6
Pakistan,2003,83
Pakistan,2002,84.6
Pakistan,2001,86.2
Pakistan,2000,87.9
Pakistan,1999,89.7
Pakistan,1998,91.6
Pakistan,1997,93.5
Pakistan,1996,95.4
Pakistan,1995,97.2
Pakistan,1994,99
Pakistan,1993,100.8
Pakistan,1992,102.5
Pakistan,1991,104.3
Pakistan,1990,106.1
Palau,2013,15.1
Palau,2012,15.6
Palau,2011,16.1
Palau,2010,16.6
Palau,2009,17.2
Palau,2008,17.7
Palau,2007,18.2
Palau,2006,18.8
Palau,2005,19.4
Palau,2004,20
Palau,2003,20.7
Palau,2002,21.4
Palau,2001,22.1
Palau,2000,22.8
Palau,1999,23.6
Palau,1998,24.5
Palau,1997,25.3
Palau,1996,26.1
Palau,1995,27
Palau,1994,27.8
Palau,1993,28.6
Palau,1992,29.4
Palau,1991,30.1
Palau,1990,30.9
Panama,2013,15.4
Panama,2012,15.9
Panama,2011,16.3
Panama,2010,16.8
Panama,2009,17.3
Panama,2008,17.9
Panama,2007,18.4
Panama,2006,18.9
Panama,2005,19.4
Panama,2004,19.9
Panama,2003,20.4
Panama,2002,20.9
Panama,2001,21.4
Panama,2000,21.9
Panama,1999,22.3
Panama,1998,22.7
Panama,1997,23
Panama,1996,23.3
Panama,1995,23.6
Panama,1994,23.9
Panama,1993,24.3
Panama,1992,24.7
Panama,1991,25.2
Panama,1990,25.8
Papua New Guinea,2013,47.3
Papua New Guinea,2012,48.4
Papua New Guinea,2011,49.5
Papua New Guinea,2010,50.7
Papua New Guinea,2009,51.9
Papua New Guinea,2008,53
Papua New Guinea,2007,54.1
Papua New Guinea,2006,55
Papua New Guinea,2005,55.7
Papua New Guinea,2004,56.4
Papua New Guinea,2003,56.9
Papua New Guinea,2002,57.3
Papua New Guinea,2001,57.7
Papua New Guinea,2000,58.2
Papua New Guinea,1999,58.7
Papua New Guinea,1998,59.2
Papua New Guinea,1997,59.7
Papua New Guinea,1996,60.3
Papua New Guinea,1995,60.9
Papua New Guinea,1994,61.6
Papua New Guinea,1993,62.4
Papua New Guinea,1992,63.2
Papua New Guinea,1991,64.1
Papua New Guinea,1990,65
Paraguay,2013,18.7
Paraguay,2012,19.3
Paraguay,2011,19.9
Paraguay,2010,20.5
Paraguay,2009,21.1
Paraguay,2008,21.8
Paraguay,2007,22.5
Paraguay,2006,23.2
Paraguay,2005,23.9
Paraguay,2004,24.6
Paraguay,2003,25.4
Paraguay,2002,26.1
Paraguay,2001,26.9
Paraguay,2000,27.7
Paraguay,1999,28.5
Paraguay,1998,29.2
Paraguay,1997,30
Paraguay,1996,30.9
Paraguay,1995,31.7
Paraguay,1994,32.6
Paraguay,1993,33.6
Paraguay,1992,34.7
Paraguay,1991,35.7
Paraguay,1990,36.9
Peru,2013,12.9
Peru,2012,13.6
Peru,2011,14.3
Peru,2010,15.2
Peru,2009,16.2
Peru,2008,17.4
Peru,2007,18.6
Peru,2006,20
Peru,2005,21.5
Peru,2004,23
Peru,2003,24.7
Peru,2002,26.4
Peru,2001,28.4
Peru,2000,30.4
Peru,1999,32.7
Peru,1998,35.1
Peru,1997,37.6
Peru,1996,40.2
Peru,1995,42.9
Peru,1994,45.7
Peru,1993,48.5
Peru,1992,51.2
Peru,1991,53.9
Peru,1990,56.5
Philippines,2013,23.5
Philippines,2012,24
Philippines,2011,24.5
Philippines,2010,25
Philippines,2009,25.5
Philippines,2008,26
Philippines,2007,26.5
Philippines,2006,27
Philippines,2005,27.5
Philippines,2004,28
Philippines,2003,28.5
Philippines,2002,29
Philippines,2001,29.5
Philippines,2000,30.1
Philippines,1999,30.7
Philippines,1998,31.3
Philippines,1997,32
Philippines,1996,32.8
Philippines,1995,33.8
Philippines,1994,34.8
Philippines,1993,36.1
Philippines,1992,37.5
Philippines,1991,39.2
Philippines,1990,41.1
Poland,2013,4.5
Poland,2012,4.5
Poland,2011,4.7
Poland,2010,5
Poland,2009,5.3
Poland,2008,5.8
Poland,2007,6
Poland,2006,6.3
Poland,2005,6.6
Poland,2004,6.7
Poland,2003,7
Poland,2002,7.3
Poland,2001,7.6
Poland,2000,8.1
Poland,1999,8.6
Poland,1998,9.4
Poland,1997,10.4
Poland,1996,11.6
Poland,1995,12.6
Poland,1994,13.5
Poland,1993,13.9
Poland,1992,14.3
Poland,1991,14.7
Poland,1990,15.1
Portugal,2013,3.1
Portugal,2012,3.1
Portugal,2011,3.1
Portugal,2010,3.1
Portugal,2009,3.2
Portugal,2008,3.3
Portugal,2007,3.3
Portugal,2006,3.5
Portugal,2005,3.7
Portugal,2004,4
Portugal,2003,4.3
Portugal,2002,4.7
Portugal,2001,5.2
Portugal,2000,5.5
Portugal,1999,5.9
Portugal,1998,6.3
Portugal,1997,6.6
Portugal,1996,7
Portugal,1995,7.5
Portugal,1994,8.1
Portugal,1993,8.8
Portugal,1992,9.6
Portugal,1991,10.6
Portugal,1990,11.5
Qatar,2013,7
Qatar,2012,7.2
Qatar,2011,7.4
Qatar,2010,7.7
Qatar,2009,7.9
Qatar,2008,8.1
Qatar,2007,8.4
Qatar,2006,8.6
Qatar,2005,8.9
Qatar,2004,9.2
Qatar,2003,9.5
Qatar,2002,9.9
Qatar,2001,10.2
Qatar,2000,10.7
Qatar,1999,11.1
Qatar,1998,11.5
Qatar,1997,12
Qatar,1996,12.6
Qatar,1995,13.2
Qatar,1994,13.9
Qatar,1993,14.7
Qatar,1992,15.6
Qatar,1991,16.6
Qatar,1990,17.7
Republic of Moldova,2013,13.3
Republic of Moldova,2012,13.8
Republic of Moldova,2011,14.3
Republic of Moldova,2010,14.9
Republic of Moldova,2009,15.6
Republic of Moldova,2008,16.3
Republic of Moldova,2007,17.1
Republic of Moldova,2006,18
Republic of Moldova,2005,18.9
Republic of Moldova,2004,20
Republic of Moldova,2003,21.2
Republic of Moldova,2002,22.5
Republic of Moldova,2001,23.9
Republic of Moldova,2000,25.4
Republic of Moldova,1999,26.9
Republic of Moldova,1998,28.2
Republic of Moldova,1997,29.2
Republic of Moldova,1996,29.7
Republic of Moldova,1995,29.6
Republic of Moldova,1994,29.2
Republic of Moldova,1993,28.4
Republic of Moldova,1992,27.6
Republic of Moldova,1991,26.9
Republic of Moldova,1990,26.7
Romania,2013,10.5
Romania,2012,10.9
Romania,2011,11.5
Romania,2010,12.1
Romania,2009,13
Romania,2008,14
Romania,2007,15.3
Romania,2006,16.8
Romania,2005,18.2
Romania,2004,19.5
Romania,2003,20.7
Romania,2002,21.6
Romania,2001,22.4
Romania,2000,23.3
Romania,1999,24.2
Romania,1998,25
Romania,1997,26
Romania,1996,26.7
Romania,1995,27.3
Romania,1994,27.9
Romania,1993,28.5
Romania,1992,29.2
Romania,1991,30
Romania,1990,31
Russian Federation,2013,8.6
Russian Federation,2012,9.1
Russian Federation,2011,9.6
Russian Federation,2010,10.2
Russian Federation,2009,10.8
Russian Federation,2008,11.6
Russian Federation,2007,12.4
Russian Federation,2006,13.4
Russian Federation,2005,14.4
Russian Federation,2004,15.4
Russian Federation,2003,16.6
Russian Federation,2002,17.7
Russian Federation,2001,18.8
Russian Federation,2000,19.7
Russian Federation,1999,20.5
Russian Federation,1998,21.1
Russian Federation,1997,21.6
Russian Federation,1996,21.9
Russian Federation,1995,22.2
Russian Federation,1994,22.3
Russian Federation,1993,22.2
Russian Federation,1992,22
Russian Federation,1991,21.9
Russian Federation,1990,21.9
Rwanda,2013,37.1
Rwanda,2012,38.8
Rwanda,2011,40.7
Rwanda,2010,43.6
Rwanda,2009,46.6
Rwanda,2008,50.3
Rwanda,2007,54.9
Rwanda,2006,60.7
Rwanda,2005,67.2
Rwanda,2004,74.6
Rwanda,2003,83.1
Rwanda,2002,91.8
Rwanda,2001,100.5
Rwanda,2000,108
Rwanda,1999,114.2
Rwanda,1998,119.9
Rwanda,1997,118
Rwanda,1996,113.4
Rwanda,1995,120.4
Rwanda,1994,124.5
Rwanda,1993,104.6
Rwanda,1992,99.2
Rwanda,1991,95.5
Rwanda,1990,92.8
Saint Kitts and Nevis,2013,7.8
Saint Kitts and Nevis,2012,8.2
Saint Kitts and Nevis,2011,8.4
Saint Kitts and Nevis,2010,8.7
Saint Kitts and Nevis,2009,9
Saint Kitts and Nevis,2008,9.4
Saint Kitts and Nevis,2007,9.7
Saint Kitts and Nevis,2006,10.1
Saint Kitts and Nevis,2005,10.6
Saint Kitts and Nevis,2004,11
Saint Kitts and Nevis,2003,11.6
Saint Kitts and Nevis,2002,12.1
Saint Kitts and Nevis,2001,12.8
Saint Kitts and Nevis,2000,13.6
Saint Kitts and Nevis,1999,14.4
Saint Kitts and Nevis,1998,15.2
Saint Kitts and Nevis,1997,16
Saint Kitts and Nevis,1996,16.9
Saint Kitts and Nevis,1995,17.8
Saint Kitts and Nevis,1994,18.7
Saint Kitts and Nevis,1993,19.6
Saint Kitts and Nevis,1992,20.7
Saint Kitts and Nevis,1991,21.7
Saint Kitts and Nevis,1990,22.9
Saint Lucia,2013,12.7
Saint Lucia,2012,13.1
Saint Lucia,2011,13.3
Saint Lucia,2010,13.6
Saint Lucia,2009,13.8
Saint Lucia,2008,14.1
Saint Lucia,2007,14.3
Saint Lucia,2006,14.5
Saint Lucia,2005,14.6
Saint Lucia,2004,14.7
Saint Lucia,2003,14.8
Saint Lucia,2002,14.9
Saint Lucia,2001,15
Saint Lucia,2000,15.2
Saint Lucia,1999,15.4
Saint Lucia,1998,15.7
Saint Lucia,1997,16
Saint Lucia,1996,16.4
Saint Lucia,1995,16.8
Saint Lucia,1994,17.2
Saint Lucia,1993,17.5
Saint Lucia,1992,17.9
Saint Lucia,1991,18.3
Saint Lucia,1990,18.6
Saint Vincent and the Grenadines,2013,17.2
Saint Vincent and the Grenadines,2012,17.7
Saint Vincent and the Grenadines,2011,18.1
Saint Vincent and the Grenadines,2010,18.5
Saint Vincent and the Grenadines,2009,18.8
Saint Vincent and the Grenadines,2008,19.1
Saint Vincent and the Grenadines,2007,19.3
Saint Vincent and the Grenadines,2006,19.4
Saint Vincent and the Grenadines,2005,19.4
Saint Vincent and the Grenadines,2004,19.4
Saint Vincent and the Grenadines,2003,19.4
Saint Vincent and the Grenadines,2002,19.4
Saint Vincent and the Grenadines,2001,19.4
Saint Vincent and the Grenadines,2000,19.3
Saint Vincent and the Grenadines,1999,19.2
Saint Vincent and the Grenadines,1998,19.2
Saint Vincent and the Grenadines,1997,19.1
Saint Vincent and the Grenadines,1996,19
Saint Vincent and the Grenadines,1995,18.9
Saint Vincent and the Grenadines,1994,18.9
Saint Vincent and the Grenadines,1993,19.1
Saint Vincent and the Grenadines,1992,19.4
Saint Vincent and the Grenadines,1991,19.8
Saint Vincent and the Grenadines,1990,20.5
Samoa,2013,15.5
Samoa,2012,15.7
Samoa,2011,15.9
Samoa,2010,16
Samoa,2009,16.1
Samoa,2008,16.1
Samoa,2007,16.2
Samoa,2006,16.4
Samoa,2005,16.6
Samoa,2004,16.8
Samoa,2003,17.1
Samoa,2002,17.5
Samoa,2001,18
Samoa,2000,18.5
Samoa,1999,19.1
Samoa,1998,19.8
Samoa,1997,20.4
Samoa,1996,21.1
Samoa,1995,21.9
Samoa,1994,22.6
Samoa,1993,23.4
Samoa,1992,24.2
Samoa,1991,25
Samoa,1990,25.8
San Marino,2013,2.8
San Marino,2012,2.9
San Marino,2011,3
San Marino,2010,3.1
San Marino,2009,3.2
San Marino,2008,3.3
San Marino,2007,3.4
San Marino,2006,3.6
San Marino,2005,3.7
San Marino,2004,3.9
San Marino,2003,4.1
San Marino,2002,4.3
San Marino,2001,4.6
San Marino,2000,4.9
San Marino,1999,5.3
San Marino,1998,5.6
San Marino,1997,6
San Marino,1996,6.5
San Marino,1995,6.9
San Marino,1994,7.4
San Marino,1993,7.9
San Marino,1992,8.5
San Marino,1991,9.1
San Marino,1990,9.7
Sao Tome and Principe,2013,36.7
Sao Tome and Principe,2012,37.7
Sao Tome and Principe,2011,38.8
Sao Tome and Principe,2010,40
Sao Tome and Principe,2009,41.3
Sao Tome and Principe,2008,42.6
Sao Tome and Principe,2007,44.1
Sao Tome and Principe,2006,45.8
Sao Tome and Principe,2005,47.7
Sao Tome and Principe,2004,49.7
Sao Tome and Principe,2003,51.8
Sao Tome and Principe,2002,54
Sao Tome and Principe,2001,56.2
Sao Tome and Principe,2000,58.4
Sao Tome and Principe,1999,60.6
Sao Tome and Principe,1998,62.6
Sao Tome and Principe,1997,64.6
Sao Tome and Principe,1996,66.4
Sao Tome and Principe,1995,67.9
Sao Tome and Principe,1994,69.2
Sao Tome and Principe,1993,70.1
Sao Tome and Principe,1992,70.5
Sao Tome and Principe,1991,70.6
Sao Tome and Principe,1990,70.3
Saudi Arabia,2013,13.4
Saudi Arabia,2012,13.8
Saudi Arabia,2011,14.2
Saudi Arabia,2010,14.7
Saudi Arabia,2009,15.1
Saudi Arabia,2008,15.6
Saudi Arabia,2007,16
Saudi Arabia,2006,16.4
Saudi Arabia,2005,16.8
Saudi Arabia,2004,17.2
Saudi Arabia,2003,17.6
Saudi Arabia,2002,18.1
Saudi Arabia,2001,18.7
Saudi Arabia,2000,19.3
Saudi Arabia,1999,20.1
Saudi Arabia,1998,21
Saudi Arabia,1997,22
Saudi Arabia,1996,23.2
Saudi Arabia,1995,24.6
Saudi Arabia,1994,26.1
Saudi Arabia,1993,28
Saudi Arabia,1992,30.1
Saudi Arabia,1991,32.5
Saudi Arabia,1990,35.3
Senegal,2013,43.9
Senegal,2012,44.8
Senegal,2011,45.9
Senegal,2010,47.2
Senegal,2009,48.7
Senegal,2008,50.5
Senegal,2007,52.4
Senegal,2006,54.5
Senegal,2005,56.9
Senegal,2004,59.4
Senegal,2003,62
Senegal,2002,64.7
Senegal,2001,67.1
Senegal,2000,69.2
Senegal,1999,70.6
Senegal,1998,71.5
Senegal,1997,71.7
Senegal,1996,71.6
Senegal,1995,71.2
Senegal,1994,70.7
Senegal,1993,70.2
Senegal,1992,69.9
Senegal,1991,69.9
Senegal,1990,70.5
Serbia,2013,5.8
Serbia,2012,6.1
Serbia,2011,6.4
Serbia,2010,6.6
Serbia,2009,6.8
Serbia,2008,7
Serbia,2007,7
Serbia,2006,7.3
Serbia,2005,7.7
Serbia,2004,8.3
Serbia,2003,9.2
Serbia,2002,10
Serbia,2001,10.7
Serbia,2000,11.1
Serbia,1999,11.3
Serbia,1998,11.9
Serbia,1997,13.2
Serbia,1996,15
Serbia,1995,17.1
Serbia,1994,19
Serbia,1993,20.3
Serbia,1992,21
Serbia,1991,21.8
Serbia,1990,24
Seychelles,2013,12.2
Seychelles,2012,12.3
Seychelles,2011,12.3
Seychelles,2010,12.3
Seychelles,2009,12.3
Seychelles,2008,12.2
Seychelles,2007,12.2
Seychelles,2006,12.3
Seychelles,2005,12.3
Seychelles,2004,12.3
Seychelles,2003,12.3
Seychelles,2002,12.3
Seychelles,2001,12.3
Seychelles,2000,12.2
Seychelles,1999,12.2
Seychelles,1998,12.2
Seychelles,1997,12.2
Seychelles,1996,12.3
Seychelles,1995,12.4
Seychelles,1994,12.7
Seychelles,1993,12.9
Seychelles,1992,13.3
Seychelles,1991,13.7
Seychelles,1990,14.2
Sierra Leone,2013,107.2
Sierra Leone,2012,109.6
Sierra Leone,2011,112
Sierra Leone,2010,114.4
Sierra Leone,2009,116.9
Sierra Leone,2008,119.6
Sierra Leone,2007,122.2
Sierra Leone,2006,124.8
Sierra Leone,2005,127.5
Sierra Leone,2004,130.1
Sierra Leone,2003,132.9
Sierra Leone,2002,135.6
Sierra Leone,2001,138.5
Sierra Leone,2000,141.3
Sierra Leone,1999,143.9
Sierra Leone,1998,146.5
Sierra Leone,1997,148.8
Sierra Leone,1996,150.9
Sierra Leone,1995,152.7
Sierra Leone,1994,154.1
Sierra Leone,1993,155.3
Sierra Leone,1992,156.3
Sierra Leone,1991,157.2
Sierra Leone,1990,158.1
Singapore,2013,2.2
Singapore,2012,2.2
Singapore,2011,2.2
Singapore,2010,2.2
Singapore,2009,2.2
Singapore,2008,2.2
Singapore,2007,2.3
Singapore,2006,2.3
Singapore,2005,2.3
Singapore,2004,2.3
Singapore,2003,2.5
Singapore,2002,2.6
Singapore,2001,2.9
Singapore,2000,3.1
Singapore,1999,3.4
Singapore,1998,3.5
Singapore,1997,3.8
Singapore,1996,3.9
Singapore,1995,4.1
Singapore,1994,4.3
Singapore,1993,4.6
Singapore,1992,5
Singapore,1991,5.5
Singapore,1990,6.2
Slovakia,2013,6
Slovakia,2012,6.3
Slovakia,2011,6.5
Slovakia,2010,6.8
Slovakia,2009,7.1
Slovakia,2008,7.4
Slovakia,2007,7.7
Slovakia,2006,8.1
Slovakia,2005,8.3
Slovakia,2004,8.7
Slovakia,2003,9.1
Slovakia,2002,9.4
Slovakia,2001,9.8
Slovakia,2000,10.2
Slovakia,1999,10.5
Slovakia,1998,11
Slovakia,1997,11.5
Slovakia,1996,12
Slovakia,1995,12.6
Slovakia,1994,13.1
Slovakia,1993,13.7
Slovakia,1992,14.3
Slovakia,1991,15
Slovakia,1990,15.6
Slovenia,2013,2.3
Slovenia,2012,2.4
Slovenia,2011,2.6
Slovenia,2010,2.6
Slovenia,2009,2.8
Slovenia,2008,3
Slovenia,2007,3.2
Slovenia,2006,3.3
Slovenia,2005,3.5
Slovenia,2004,3.7
Slovenia,2003,3.8
Slovenia,2002,4.1
Slovenia,2001,4.3
Slovenia,2000,4.5
Slovenia,1999,4.8
Slovenia,1998,5.1
Slovenia,1997,5.4
Slovenia,1996,5.8
Slovenia,1995,6.2
Slovenia,1994,6.6
Slovenia,1993,7.1
Slovenia,1992,7.7
Slovenia,1991,8.2
Slovenia,1990,8.8
Solomon Islands,2013,25.1
Solomon Islands,2012,25.8
Solomon Islands,2011,26.4
Solomon Islands,2010,27
Solomon Islands,2009,27.6
Solomon Islands,2008,28.1
Solomon Islands,2007,28.6
Solomon Islands,2006,28.9
Solomon Islands,2005,29
Solomon Islands,2004,29
Solomon Islands,2003,28.8
Solomon Islands,2002,28.7
Solomon Islands,2001,28.5
Solomon Islands,2000,28.4
Solomon Islands,1999,28.3
Solomon Islands,1998,28.2
Solomon Islands,1997,28.2
Solomon Islands,1996,28.4
Solomon Islands,1995,28.6
Solomon Islands,1994,29.1
Solomon Islands,1993,29.6
Solomon Islands,1992,30.2
Solomon Islands,1991,30.9
Solomon Islands,1990,31.5
Somalia,2013,89.8
Somalia,2012,92.3
Somalia,2011,94.8
Somalia,2010,97.1
Somalia,2009,99.6
Somalia,2008,101.8
Somalia,2007,103.6
Somalia,2006,104.6
Somalia,2005,104.8
Somalia,2004,104.9
Somalia,2003,104.9
Somalia,2002,104.9
Somalia,2001,104.9
Somalia,2000,104.9
Somalia,1999,104.9
Somalia,1998,104.9
Somalia,1997,104.9
Somalia,1996,104.9
Somalia,1995,104.9
Somalia,1994,104.9
Somalia,1993,105
Somalia,1992,105.5
Somalia,1991,106.6
Somalia,1990,108.1
South Africa,2013,32.8
South Africa,2012,33.5
South Africa,2011,34.4
South Africa,2010,35.2
South Africa,2009,40
South Africa,2008,45.5
South Africa,2007,47
South Africa,2006,49.9
South Africa,2005,51.4
South Africa,2004,52.4
South Africa,2003,53.1
South Africa,2002,53.2
South Africa,2001,52.6
South Africa,2000,51.7
South Africa,1999,50.5
South Africa,1998,49.3
South Africa,1997,48
South Africa,1996,46.8
South Africa,1995,45.8
South Africa,1994,45.2
South Africa,1993,45.1
South Africa,1992,45.4
South Africa,1991,46.1
South Africa,1990,47
South Sudan,2013,64.1
South Sudan,2012,66.1
South Sudan,2011,68.3
South Sudan,2010,70.6
South Sudan,2009,73.2
South Sudan,2008,76.1
South Sudan,2007,79.2
South Sudan,2006,82.8
South Sudan,2005,86.6
South Sudan,2004,90.8
South Sudan,2003,95.3
South Sudan,2002,99.8
South Sudan,2001,104.6
South Sudan,2000,109.6
South Sudan,1999,114.6
South Sudan,1998,119.3
South Sudan,1997,123.9
South Sudan,1996,128.2
South Sudan,1995,132.2
South Sudan,1994,136.1
South Sudan,1993,140
South Sudan,1992,143.4
South Sudan,1991,146.6
South Sudan,1990,149.5
Spain,2013,3.6
Spain,2012,3.7
Spain,2011,3.7
Spain,2010,3.9
Spain,2009,4.1
Spain,2008,4.2
Spain,2007,4.4
Spain,2006,4.6
Spain,2005,4.8
Spain,2004,5
Spain,2003,5.1
Spain,2002,5.2
Spain,2001,5.3
Spain,2000,5.4
Spain,1999,5.6
Spain,1998,5.8
Spain,1997,6.1
Spain,1996,6.4
Spain,1995,6.9
Spain,1994,7.5
Spain,1993,8
Spain,1992,8.5
Spain,1991,8.8
Spain,1990,9.3
Sri Lanka,2013,8.2
Sri Lanka,2012,8.5
Sri Lanka,2011,8.9
Sri Lanka,2010,9.2
Sri Lanka,2009,9.6
Sri Lanka,2008,10.1
Sri Lanka,2007,10.6
Sri Lanka,2006,11.2
Sri Lanka,2005,11.8
Sri Lanka,2004,12.2
Sri Lanka,2003,12.5
Sri Lanka,2002,13
Sri Lanka,2001,13.4
Sri Lanka,2000,14
Sri Lanka,1999,14.7
Sri Lanka,1998,15.3
Sri Lanka,1997,16
Sri Lanka,1996,16.7
Sri Lanka,1995,17.3
Sri Lanka,1994,17.7
Sri Lanka,1993,18
Sri Lanka,1992,18.1
Sri Lanka,1991,18.1
Sri Lanka,1990,18.2
State of Palestine,2013,18.6
State of Palestine,2012,19.1
State of Palestine,2011,19.7
State of Palestine,2010,20.2
State of Palestine,2009,20.7
State of Palestine,2008,21.2
State of Palestine,2007,21.7
State of Palestine,2006,22.2
State of Palestine,2005,22.6
State of Palestine,2004,23.1
State of Palestine,2003,23.6
State of Palestine,2002,24.1
State of Palestine,2001,24.6
State of Palestine,2000,25.2
State of Palestine,1999,25.8
State of Palestine,1998,26.4
State of Palestine,1997,27.2
State of Palestine,1996,28
State of Palestine,1995,28.9
State of Palestine,1994,29.9
State of Palestine,1993,30.9
State of Palestine,1992,32.1
State of Palestine,1991,33.4
State of Palestine,1990,34.8
Sudan,2013,51.2
Sudan,2012,52.5
Sudan,2011,53.8
Sudan,2010,55.1
Sudan,2009,56.3
Sudan,2008,57.5
Sudan,2007,58.7
Sudan,2006,60.1
Sudan,2005,61.4
Sudan,2004,62.8
Sudan,2003,64.3
Sudan,2002,65.8
Sudan,2001,67.3
Sudan,2000,68.9
Sudan,1999,70.4
Sudan,1998,71.7
Sudan,1997,73
Sudan,1996,74.2
Sudan,1995,75.3
Sudan,1994,76.4
Sudan,1993,77.3
Sudan,1992,78.3
Sudan,1991,79.2
Sudan,1990,80.2
Suriname,2013,20.3
Suriname,2012,21
Suriname,2011,21.6
Suriname,2010,22.3
Suriname,2009,23
Suriname,2008,23.7
Suriname,2007,24.4
Suriname,2006,25.2
Suriname,2005,25.9
Suriname,2004,26.8
Suriname,2003,27.7
Suriname,2002,28.5
Suriname,2001,29.4
Suriname,2000,30.4
Suriname,1999,31.4
Suriname,1998,32.4
Suriname,1997,33.5
Suriname,1996,34.6
Suriname,1995,35.6
Suriname,1994,36.7
Suriname,1993,37.7
Suriname,1992,38.8
Suriname,1991,39.8
Suriname,1990,40.8
Swaziland,2013,55.9
Swaziland,2012,57
Swaziland,2011,58.3
Swaziland,2010,62.5
Swaziland,2009,68.4
Swaziland,2008,74.2
Swaziland,2007,75.2
Swaziland,2006,76.3
Swaziland,2005,80.8
Swaziland,2004,81.9
Swaziland,2003,82.4
Swaziland,2002,82.1
Swaziland,2001,81.4
Swaziland,2000,80.1
Swaziland,1999,78.2
Swaziland,1998,75.3
Swaziland,1997,72.2
Swaziland,1996,68.7
Swaziland,1995,65
Swaziland,1994,61.5
Swaziland,1993,58.5
Swaziland,1992,56.5
Swaziland,1991,55.5
Swaziland,1990,55.4
Sweden,2013,2.4
Sweden,2012,2.4
Sweden,2011,2.4
Sweden,2010,2.5
Sweden,2009,2.5
Sweden,2008,2.6
Sweden,2007,2.7
Sweden,2006,2.8
Sweden,2005,3
Sweden,2004,3.1
Sweden,2003,3.2
Sweden,2002,3.3
Sweden,2001,3.4
Sweden,2000,3.4
Sweden,1999,3.4
Sweden,1998,3.5
Sweden,1997,3.6
Sweden,1996,3.8
Sweden,1995,4
Sweden,1994,4.4
Sweden,1993,4.8
Sweden,1992,5.1
Sweden,1991,5.5
Sweden,1990,5.8
Switzerland,2013,3.6
Switzerland,2012,3.7
Switzerland,2011,3.8
Switzerland,2010,3.8
Switzerland,2009,3.9
Switzerland,2008,4
Switzerland,2007,4.1
Switzerland,2006,4.2
Switzerland,2005,4.3
Switzerland,2004,4.4
Switzerland,2003,4.4
Switzerland,2002,4.6
Switzerland,2001,4.7
Switzerland,2000,4.6
Switzerland,1999,4.7
Switzerland,1998,4.8
Switzerland,1997,4.9
Switzerland,1996,5
Switzerland,1995,5.2
Switzerland,1994,5.5
Switzerland,1993,5.8
Switzerland,1992,6.1
Switzerland,1991,6.4
Switzerland,1990,6.7
Syrian Arab Republic,2013,11.9
Syrian Arab Republic,2012,12.4
Syrian Arab Republic,2011,12.7
Syrian Arab Republic,2010,13.1
Syrian Arab Republic,2009,13.6
Syrian Arab Republic,2008,14.2
Syrian Arab Republic,2007,14.8
Syrian Arab Republic,2006,15.4
Syrian Arab Republic,2005,16.1
Syrian Arab Republic,2004,16.7
Syrian Arab Republic,2003,17.5
Syrian Arab Republic,2002,18.2
Syrian Arab Republic,2001,19
Syrian Arab Republic,2000,19.8
Syrian Arab Republic,1999,20.7
Syrian Arab Republic,1998,21.6
Syrian Arab Republic,1997,22.6
Syrian Arab Republic,1996,23.6
Syrian Arab Republic,1995,24.6
Syrian Arab Republic,1994,25.7
Syrian Arab Republic,1993,26.8
Syrian Arab Republic,1992,28
Syrian Arab Republic,1991,29.2
Syrian Arab Republic,1990,30.4
Tajikistan,2013,40.9
Tajikistan,2012,42.1
Tajikistan,2011,43.4
Tajikistan,2010,44.7
Tajikistan,2009,46.1
Tajikistan,2008,47.7
Tajikistan,2007,49.5
Tajikistan,2006,51.6
Tajikistan,2005,54.3
Tajikistan,2004,57.5
Tajikistan,2003,61.3
Tajikistan,2002,65.5
Tajikistan,2001,70.1
Tajikistan,2000,74.7
Tajikistan,1999,79.1
Tajikistan,1998,83.3
Tajikistan,1997,87.1
Tajikistan,1996,90.5
Tajikistan,1995,92.9
Tajikistan,1994,94
Tajikistan,1993,92.9
Tajikistan,1992,89.9
Tajikistan,1991,86.7
Tajikistan,1990,84.9
Thailand,2013,11.3
Thailand,2012,11.6
Thailand,2011,12
Thailand,2010,12.5
Thailand,2009,12.9
Thailand,2008,13.4
Thailand,2007,14
Thailand,2006,14.6
Thailand,2005,15.2
Thailand,2004,16
Thailand,2003,16.7
Thailand,2002,17.5
Thailand,2001,18.3
Thailand,2000,19.1
Thailand,1999,20
Thailand,1998,20.9
Thailand,1997,21.8
Thailand,1996,22.8
Thailand,1995,23.8
Thailand,1994,24.9
Thailand,1993,26.1
Thailand,1992,27.4
Thailand,1991,28.8
Thailand,1990,30.3
The former Yugoslav Republic of Macedonia,2013,5.8
The former Yugoslav Republic of Macedonia,2012,6.5
The former Yugoslav Republic of Macedonia,2011,7.5
The former Yugoslav Republic of Macedonia,2010,8.7
The former Yugoslav Republic of Macedonia,2009,9.7
The former Yugoslav Republic of Macedonia,2008,10.4
The former Yugoslav Republic of Macedonia,2007,11
The former Yugoslav Republic of Macedonia,2006,11.6
The former Yugoslav Republic of Macedonia,2005,12.1
The former Yugoslav Republic of Macedonia,2004,12.4
The former Yugoslav Republic of Macedonia,2003,12.6
The former Yugoslav Republic of Macedonia,2002,12.9
The former Yugoslav Republic of Macedonia,2001,13.5
The former Yugoslav Republic of Macedonia,2000,14.2
The former Yugoslav Republic of Macedonia,1999,15
The former Yugoslav Republic of Macedonia,1998,16.1
The former Yugoslav Republic of Macedonia,1997,17.5
The former Yugoslav Republic of Macedonia,1996,19.5
The former Yugoslav Republic of Macedonia,1995,22
The former Yugoslav Republic of Macedonia,1994,24.9
The former Yugoslav Republic of Macedonia,1993,27.9
The former Yugoslav Republic of Macedonia,1992,30.1
The former Yugoslav Republic of Macedonia,1991,31.5
The former Yugoslav Republic of Macedonia,1990,33
Timor-Leste,2013,46.2
Timor-Leste,2012,47.9
Timor-Leste,2011,49.6
Timor-Leste,2010,51.5
Timor-Leste,2009,53.6
Timor-Leste,2008,56
Timor-Leste,2007,58.7
Timor-Leste,2006,61.7
Timor-Leste,2005,65.1
Timor-Leste,2004,68.6
Timor-Leste,2003,72.3
Timor-Leste,2002,76
Timor-Leste,2001,79.9
Timor-Leste,2000,83.8
Timor-Leste,1999,87.8
Timor-Leste,1998,92
Timor-Leste,1997,96.2
Timor-Leste,1996,100.6
Timor-Leste,1995,105.1
Timor-Leste,1994,109.7
Timor-Leste,1993,114.4
Timor-Leste,1992,119.3
Timor-Leste,1991,124.3
Timor-Leste,1990,129.5
Togo,2013,55.8
Togo,2012,57.4
Togo,2011,59
Togo,2010,60.5
Togo,2009,62
Togo,2008,63.6
Togo,2007,65.3
Togo,2006,66.9
Togo,2005,68.4
Togo,2004,70
Togo,2003,71.6
Togo,2002,73.3
Togo,2001,75
Togo,2000,76.7
Togo,1999,78.5
Togo,1998,80.2
Togo,1997,81.8
Togo,1996,83.4
Togo,1995,84.8
Togo,1994,86
Togo,1993,87.2
Togo,1992,88.2
Togo,1991,89.2
Togo,1990,90.3
Tonga,2013,10.4
Tonga,2012,10.8
Tonga,2011,11.1
Tonga,2010,11.5
Tonga,2009,11.9
Tonga,2008,12.3
Tonga,2007,12.6
Tonga,2006,13
Tonga,2005,13.4
Tonga,2004,13.8
Tonga,2003,14.2
Tonga,2002,14.6
Tonga,2001,15
Tonga,2000,15.4
Tonga,1999,15.7
Tonga,1998,16
Tonga,1997,16.2
Tonga,1996,16.5
Tonga,1995,16.8
Tonga,1994,17.1
Tonga,1993,17.6
Tonga,1992,18.1
Tonga,1991,18.7
Tonga,1990,19.4
Trinidad and Tobago,2013,19
Trinidad and Tobago,2012,19.6
Trinidad and Tobago,2011,20.2
Trinidad and Tobago,2010,20.8
Trinidad and Tobago,2009,21.4
Trinidad and Tobago,2008,22.1
Trinidad and Tobago,2007,22.7
Trinidad and Tobago,2006,23.2
Trinidad and Tobago,2005,23.7
Trinidad and Tobago,2004,24.2
Trinidad and Tobago,2003,24.6
Trinidad and Tobago,2002,25
Trinidad and Tobago,2001,25.2
Trinidad and Tobago,2000,25.3
Trinidad and Tobago,1999,25.4
Trinidad and Tobago,1998,25.4
Trinidad and Tobago,1997,25.5
Trinidad and Tobago,1996,25.5
Trinidad and Tobago,1995,25.6
Trinidad and Tobago,1994,25.8
Trinidad and Tobago,1993,25.9
Trinidad and Tobago,1992,26.2
Trinidad and Tobago,1991,26.5
Trinidad and Tobago,1990,26.9
Tunisia,2013,13.1
Tunisia,2012,13.6
Tunisia,2011,14.2
Tunisia,2010,14.9
Tunisia,2009,15.7
Tunisia,2008,16.6
Tunisia,2007,17.5
Tunisia,2006,18.5
Tunisia,2005,19.5
Tunisia,2004,20.6
Tunisia,2003,21.8
Tunisia,2002,23
Tunisia,2001,24.2
Tunisia,2000,25.6
Tunisia,1999,27
Tunisia,1998,28.4
Tunisia,1997,29.9
Tunisia,1996,31.4
Tunisia,1995,33
Tunisia,1994,34.5
Tunisia,1993,36.1
Tunisia,1992,37.7
Tunisia,1991,39.3
Tunisia,1990,41
Turkey,2013,16.5
Turkey,2012,17.4
Turkey,2011,18.5
Turkey,2010,19.5
Turkey,2009,20.6
Turkey,2008,21.8
Turkey,2007,23
Turkey,2006,24.4
Turkey,2005,25.7
Turkey,2004,27.1
Turkey,2003,28.7
Turkey,2002,30.3
Turkey,2001,31.9
Turkey,2000,33.7
Turkey,1999,35.5
Turkey,1998,37.4
Turkey,1997,39.4
Turkey,1996,41.5
Turkey,1995,43.7
Turkey,1994,45.9
Turkey,1993,48.2
Turkey,1992,50.6
Turkey,1991,53.1
Turkey,1990,55.7
Turkmenistan,2013,46.6
Turkmenistan,2012,48.1
Turkmenistan,2011,49.5
Turkmenistan,2010,51
Turkmenistan,2009,52.4
Turkmenistan,2008,53.8
Turkmenistan,2007,55.3
Turkmenistan,2006,56.9
Turkmenistan,2005,58.4
Turkmenistan,2004,60
Turkmenistan,2003,61.5
Turkmenistan,2002,63.1
Turkmenistan,2001,64.7
Turkmenistan,2000,66.4
Turkmenistan,1999,68.1
Turkmenistan,1998,69.5
Turkmenistan,1997,70.6
Turkmenistan,1996,71.4
Turkmenistan,1995,71.9
Turkmenistan,1994,72.1
Turkmenistan,1993,72.1
Turkmenistan,1992,72
Turkmenistan,1991,72.2
Turkmenistan,1990,72.7
Tuvalu,2013,24.4
Tuvalu,2012,25.1
Tuvalu,2011,25.8
Tuvalu,2010,26.6
Tuvalu,2009,27.3
Tuvalu,2008,28
Tuvalu,2007,28.8
Tuvalu,2006,29.5
Tuvalu,2005,30.1
Tuvalu,2004,30.8
Tuvalu,2003,31.5
Tuvalu,2002,32.3
Tuvalu,2001,33.2
Tuvalu,2000,34.2
Tuvalu,1999,35.3
Tuvalu,1998,36.5
Tuvalu,1997,37.8
Tuvalu,1996,39
Tuvalu,1995,40.2
Tuvalu,1994,41.3
Tuvalu,1993,42.2
Tuvalu,1992,43.1
Tuvalu,1991,43.8
Tuvalu,1990,44.4
Uganda,2013,43.8
Uganda,2012,45.4
Uganda,2011,48.8
Uganda,2010,51.3
Uganda,2009,54
Uganda,2008,57
Uganda,2007,60.5
Uganda,2006,64.3
Uganda,2005,68.2
Uganda,2004,72.5
Uganda,2003,77
Uganda,2002,81.4
Uganda,2001,85.4
Uganda,2000,89.1
Uganda,1999,92.1
Uganda,1998,94.5
Uganda,1997,96.3
Uganda,1996,97.6
Uganda,1995,98.7
Uganda,1994,99.9
Uganda,1993,101.5
Uganda,1992,103.5
Uganda,1991,105.6
Uganda,1990,107.2
Ukraine,2013,8.6
Ukraine,2012,9.1
Ukraine,2011,9.6
Ukraine,2010,10.1
Ukraine,2009,10.6
Ukraine,2008,11.1
Ukraine,2007,11.6
Ukraine,2006,12
Ukraine,2005,12.5
Ukraine,2004,13
Ukraine,2003,13.6
Ukraine,2002,14.3
Ukraine,2001,15.1
Ukraine,2000,15.8
Ukraine,1999,16.5
Ukraine,1998,17
Ukraine,1997,17.4
Ukraine,1996,17.6
Ukraine,1995,17.5
Ukraine,1994,17.3
Ukraine,1993,17
Ukraine,1992,16.8
Ukraine,1991,16.7
Ukraine,1990,16.7
United Arab Emirates,2013,7
United Arab Emirates,2012,7.2
United Arab Emirates,2011,7.4
United Arab Emirates,2010,7.6
United Arab Emirates,2009,7.7
United Arab Emirates,2008,7.9
United Arab Emirates,2007,8
United Arab Emirates,2006,8.2
United Arab Emirates,2005,8.4
United Arab Emirates,2004,8.6
United Arab Emirates,2003,8.9
United Arab Emirates,2002,9.1
United Arab Emirates,2001,9.3
United Arab Emirates,2000,9.6
United Arab Emirates,1999,9.9
United Arab Emirates,1998,10.2
United Arab Emirates,1997,10.5
United Arab Emirates,1996,10.9
United Arab Emirates,1995,11.3
United Arab Emirates,1994,11.7
United Arab Emirates,1993,12.3
United Arab Emirates,1992,12.8
United Arab Emirates,1991,13.5
United Arab Emirates,1990,14.2
United Kingdom,2013,3.9
United Kingdom,2012,4
United Kingdom,2011,4.2
United Kingdom,2010,4.4
United Kingdom,2009,4.6
United Kingdom,2008,4.7
United Kingdom,2007,4.9
United Kingdom,2006,5
United Kingdom,2005,5.1
United Kingdom,2004,5.2
United Kingdom,2003,5.3
United Kingdom,2002,5.3
United Kingdom,2001,5.5
United Kingdom,2000,5.6
United Kingdom,1999,5.7
United Kingdom,1998,5.8
United Kingdom,1997,5.8
United Kingdom,1996,5.9
United Kingdom,1995,6.1
United Kingdom,1994,6.3
United Kingdom,1993,6.6
United Kingdom,1992,7
United Kingdom,1991,7.4
United Kingdom,1990,7.9
United Republic of Tanzania,2013,36.4
United Republic of Tanzania,2012,37.7
United Republic of Tanzania,2011,39.2
United Republic of Tanzania,2010,41.4
United Republic of Tanzania,2009,44.1
United Republic of Tanzania,2008,46.8
United Republic of Tanzania,2007,49.9
United Republic of Tanzania,2006,53.5
United Republic of Tanzania,2005,57.2
United Republic of Tanzania,2004,61.3
United Republic of Tanzania,2003,65.8
United Republic of Tanzania,2002,70.5
United Republic of Tanzania,2001,75.5
United Republic of Tanzania,2000,80.4
United Republic of Tanzania,1999,85
United Republic of Tanzania,1998,89
United Republic of Tanzania,1997,92.1
United Republic of Tanzania,1996,94.6
United Republic of Tanzania,1995,96.5
United Republic of Tanzania,1994,97.9
United Republic of Tanzania,1993,98.9
United Republic of Tanzania,1992,99.6
United Republic of Tanzania,1991,100.4
United Republic of Tanzania,1990,101.3
United States,2013,5.9
United States,2012,6.1
United States,2011,6.1
United States,2010,6.3
United States,2009,6.4
United States,2008,6.5
United States,2007,6.6
United States,2006,6.7
United States,2005,6.8
United States,2004,6.9
United States,2003,6.8
United States,2002,6.9
United States,2001,7
United States,2000,7.1
United States,1999,7.2
United States,1998,7.3
United States,1997,7.5
United States,1996,7.7
United States,1995,8
United States,1994,8.2
United States,1993,8.5
United States,1992,8.8
United States,1991,9.1
United States,1990,9.4
Uruguay,2013,9.5
Uruguay,2012,10
Uruguay,2011,10.3
Uruguay,2010,10.6
Uruguay,2009,11
Uruguay,2008,11.2
Uruguay,2007,11.5
Uruguay,2006,11.9
Uruguay,2005,12.4
Uruguay,2004,12.8
Uruguay,2003,13.3
Uruguay,2002,13.7
Uruguay,2001,14.2
Uruguay,2000,14.6
Uruguay,1999,15.3
Uruguay,1998,16
Uruguay,1997,16.8
Uruguay,1996,17.5
Uruguay,1995,18
Uruguay,1994,18.5
Uruguay,1993,18.8
Uruguay,1992,19.1
Uruguay,1991,19.6
Uruguay,1990,20.3
Uzbekistan,2013,36.7
Uzbekistan,2012,37.8
Uzbekistan,2011,39
Uzbekistan,2010,40.2
Uzbekistan,2009,41.3
Uzbekistan,2008,42.6
Uzbekistan,2007,43.9
Uzbekistan,2006,45.1
Uzbekistan,2005,46.5
Uzbekistan,2004,47.8
Uzbekistan,2003,49.1
Uzbekistan,2002,50.4
Uzbekistan,2001,51.8
Uzbekistan,2000,53.2
Uzbekistan,1999,54.5
Uzbekistan,1998,55.6
Uzbekistan,1997,56.4
Uzbekistan,1996,57
Uzbekistan,1995,57.5
Uzbekistan,1994,57.9
Uzbekistan,1993,58.2
Uzbekistan,1992,58.4
Uzbekistan,1991,58.5
Uzbekistan,1990,58.7
Vanuatu,2013,14.6
Vanuatu,2012,15
Vanuatu,2011,15.4
Vanuatu,2010,15.9
Vanuatu,2009,16.3
Vanuatu,2008,16.7
Vanuatu,2007,17.1
Vanuatu,2006,17.4
Vanuatu,2005,17.7
Vanuatu,2004,18
Vanuatu,2003,18.3
Vanuatu,2002,18.7
Vanuatu,2001,19.1
Vanuatu,2000,19.6
Vanuatu,1999,20.1
Vanuatu,1998,20.6
Vanuatu,1997,21.2
Vanuatu,1996,21.8
Vanuatu,1995,22.4
Vanuatu,1994,23.2
Vanuatu,1993,24
Vanuatu,1992,25
Vanuatu,1991,26.1
Vanuatu,1990,27.3
Venezuela,2013,12.9
Venezuela,2012,13.2
Venezuela,2011,13.5
Venezuela,2010,13.7
Venezuela,2009,14
Venezuela,2008,14.3
Venezuela,2007,14.7
Venezuela,2006,15.2
Venezuela,2005,15.8
Venezuela,2004,16.4
Venezuela,2003,16.8
Venezuela,2002,17.2
Venezuela,2001,17.6
Venezuela,2000,18.2
Venezuela,1999,18.8
Venezuela,1998,19.6
Venezuela,1997,20.5
Venezuela,1996,21.3
Venezuela,1995,22
Venezuela,1994,22.5
Venezuela,1993,22.9
Venezuela,1992,23.3
Venezuela,1991,23.9
Venezuela,1990,24.6
Viet Nam,2013,19
Viet Nam,2012,19.5
Viet Nam,2011,20
Viet Nam,2010,20.6
Viet Nam,2009,21.2
Viet Nam,2008,21.8
Viet Nam,2007,22.4
Viet Nam,2006,23
Viet Nam,2005,23.6
Viet Nam,2004,24.3
Viet Nam,2003,24.9
Viet Nam,2002,25.6
Viet Nam,2001,26.3
Viet Nam,2000,27
Viet Nam,1999,27.8
Viet Nam,1998,28.6
Viet Nam,1997,29.4
Viet Nam,1996,30.3
Viet Nam,1995,31.2
Viet Nam,1994,32.2
Viet Nam,1993,33.2
Viet Nam,1992,34.3
Viet Nam,1991,35.3
Viet Nam,1990,36.5
Yemen,2013,40.4
Yemen,2012,42
Yemen,2011,43.7
Yemen,2010,45.5
Yemen,2009,47.5
Yemen,2008,49.5
Yemen,2007,51.6
Yemen,2006,53.8
Yemen,2005,56.1
Yemen,2004,58.5
Yemen,2003,61.1
Yemen,2002,63.8
Yemen,2001,66.5
Yemen,2000,69.2
Yemen,1999,71.8
Yemen,1998,74.2
Yemen,1997,76.2
Yemen,1996,77.7
Yemen,1995,79.1
Yemen,1994,80.4
Yemen,1993,81.9
Yemen,1992,83.6
Yemen,1991,85.5
Yemen,1990,87.7
Zambia,2013,55.8
Zambia,2012,57.1
Zambia,2011,59.3
Zambia,2010,63.5
Zambia,2009,64.8
Zambia,2008,67.3
Zambia,2007,69.8
Zambia,2006,72.9
Zambia,2005,76.4
Zambia,2004,80.8
Zambia,2003,85.6
Zambia,2002,90.6
Zambia,2001,95.4
Zambia,2000,99.5
Zambia,1999,102.7
Zambia,1998,105.2
Zambia,1997,107.2
Zambia,1996,109.1
Zambia,1995,111
Zambia,1994,112.8
Zambia,1993,114.1
Zambia,1992,114.8
Zambia,1991,114.9
Zambia,1990,114.5
Zimbabwe,2013,55
Zimbabwe,2012,55
Zimbabwe,2011,57.9
Zimbabwe,2010,58.7
Zimbabwe,2009,59.1
Zimbabwe,2008,58.3
Zimbabwe,2007,57.6
Zimbabwe,2006,57
Zimbabwe,2005,57.1
Zimbabwe,2004,57.5
Zimbabwe,2003,57.9
Zimbabwe,2002,59.1
Zimbabwe,2001,60.1
Zimbabwe,2000,61
Zimbabwe,1999,61.4
Zimbabwe,1998,61.7
Zimbabwe,1997,61.4
Zimbabwe,1996,60.6
Zimbabwe,1995,59.2
Zimbabwe,1994,57.3
Zimbabwe,1993,55.6
Zimbabwe,1992,53.6
Zimbabwe,1991,51.8
Zimbabwe,1990,50.4
